date,open,close,high,low,volume
2019-01-02,5.18,5.31,5.39,5.18,44772.0
2019-01-03,5.31,5.28,5.41,5.2,32079.0
2019-01-04,5.25,5.35,5.39,5.19,30219.0
2019-01-07,5.4,5.33,5.45,5.27,33939.0
2019-01-08,5.34,5.35,5.44,5.29,37919.0
2019-01-09,5.37,5.27,5.41,5.24,44153.0
2019-01-10,5.28,5.25,5.31,5.21,34147.0
2019-01-11,5.25,5.26,5.31,5.22,23607.0
2019-01-14,5.3,5.22,5.34,5.17,32957.0
2019-01-15,5.18,5.11,5.21,5.01,50383.0
2019-01-16,5.16,5.04,5.17,5.03,38263.0
2019-01-17,5.01,4.94,5.08,4.94,38161.0
2019-01-18,4.96,4.97,5.01,4.91,31688.0
2019-01-21,5.01,5.19,5.2,4.96,59660.0
2019-01-22,5.18,5.07,5.2,5.07,50016.0
2019-01-23,5.09,5.02,5.09,4.97,32248.0
2019-01-24,5.02,5.03,5.09,4.95,46099.0
2019-01-25,5.04,4.89,5.04,4.89,46211.0
2019-01-28,4.89,5.02,5.07,4.89,51899.0
2019-01-29,5.02,5.13,5.13,4.94,57920.0
2019-01-30,5.12,5.02,5.14,4.97,31117.0
2019-01-31,4.99,5.04,5.14,4.97,34087.0
2019-02-01,5.04,5.17,5.18,5.01,39665.0
2019-02-11,5.17,5.31,5.33,5.17,58050.0
2019-02-12,5.32,5.27,5.35,5.25,42921.0
2019-02-13,5.26,5.34,5.39,5.25,47950.0
2019-02-14,5.32,5.32,5.4,5.27,42167.0
2019-02-15,5.29,5.22,5.44,5.21,57771.0
2019-02-18,5.24,5.44,5.47,5.24,76996.0
2019-02-19,5.44,5.38,5.47,5.31,54067.0
2019-02-20,5.39,5.34,5.39,5.26,39754.0
2019-02-21,5.37,5.44,5.58,5.33,75673.0
2019-02-22,5.44,5.41,5.45,5.31,58139.0
2019-02-25,5.44,5.67,5.71,5.38,80427.0
2019-02-26,5.67,5.82,6.15,5.55,146977.0
2019-02-27,5.83,5.74,5.92,5.69,80542.0
2019-02-28,5.77,5.76,5.9,5.72,40974.0
2019-03-01,5.77,5.85,5.85,5.7,42746.0
2019-03-04,5.85,5.84,5.94,5.78,79676.0
2019-03-05,5.81,6.02,6.07,5.81,90170.0
2019-03-06,6.03,6.06,6.09,5.94,72676.0
2019-03-07,6.07,6.01,6.13,5.95,67237.0
2019-03-08,5.95,5.62,5.95,5.61,79064.0
2019-03-11,5.66,5.97,5.98,5.65,66326.0
2019-03-12,6.07,6.04,6.12,5.92,71992.0
2019-03-13,6.06,5.82,6.07,5.78,47927.0
2019-03-14,5.81,5.75,5.92,5.67,38729.0
2019-03-15,5.81,5.88,5.9,5.72,37669.0
2019-03-18,5.83,5.97,5.98,5.76,41681.0
2019-03-19,6.13,6.14,6.32,6.03,101245.0
2019-03-20,6.17,5.97,6.17,5.86,62022.0
2019-03-21,5.97,5.99,6.11,5.94,57459.0
2019-03-22,6.0,6.05,6.07,5.9,48668.0
2019-03-25,5.91,5.84,6.01,5.84,65317.0
2019-03-26,5.84,5.85,5.9,5.75,63284.0
2019-03-27,5.89,5.78,5.89,5.71,48844.0
2019-03-28,5.79,6.0,6.0,5.77,79288.0
2019-03-29,6.02,6.07,6.08,5.92,81694.0
2019-04-01,6.07,6.35,6.46,6.03,154282.0
2019-04-02,6.39,6.26,6.41,6.24,90508.0
2019-04-03,6.27,6.35,6.37,6.21,54906.0
2019-04-04,6.37,6.43,6.65,6.35,109111.0
2019-04-08,6.44,6.34,6.5,6.17,94030.0
2019-04-09,6.33,6.27,6.36,6.18,64371.0
2019-04-10,6.27,6.3,6.39,6.17,58129.0
2019-04-11,6.27,6.47,6.55,6.24,103616.0
2019-04-12,6.41,6.65,6.68,6.37,122722.0
2019-04-15,6.76,6.51,6.82,6.51,118490.0
2019-04-16,6.51,6.55,6.61,6.36,87060.0
2019-04-17,6.61,6.49,6.62,6.36,81961.0
2019-04-18,6.5,6.37,6.5,6.29,60947.0
2019-04-19,6.39,6.34,6.43,6.21,50933.0
2019-04-22,6.35,6.21,6.37,6.18,59734.0
2019-04-23,6.27,6.13,6.33,6.08,50726.0
2019-04-24,6.2,6.12,6.2,6.01,50376.0
2019-04-25,6.14,6.03,6.21,6.01,53680.0
2019-04-26,6.0,5.62,6.01,5.58,132509.0
2019-04-29,5.65,5.52,5.74,5.48,59009.0
2019-04-30,5.52,5.54,5.64,5.51,31716.0
2019-05-06,5.49,5.08,5.49,4.97,77837.0
2019-05-07,5.12,5.04,5.15,4.97,54260.0
2019-05-08,4.97,4.99,5.03,4.83,40828.0
2019-05-09,4.94,5.01,5.11,4.89,47903.0
2019-05-10,5.03,5.17,5.21,4.97,50126.0
2019-05-13,5.11,5.11,5.17,5.09,22278.0
2019-05-14,5.11,4.97,5.11,4.96,37511.0
2019-05-15,5.03,5.01,5.07,4.97,57179.0
2019-05-16,5.04,5.1,5.11,5.03,43620.0
2019-05-17,5.11,4.94,5.14,4.91,38203.0
2019-05-20,4.89,4.88,4.98,4.81,24337.0
2019-05-21,4.91,4.98,5.04,4.84,25428.0
2019-05-22,4.98,4.91,5.02,4.91,18502.0
2019-05-23,4.91,4.84,4.94,4.82,23743.0
2019-05-24,4.81,4.77,4.85,4.74,31721.0
2019-05-27,4.8,4.85,4.87,4.75,24631.0
2019-05-28,4.86,4.82,4.9,4.81,28657.0
2019-05-29,4.86,4.81,4.87,4.77,18752.0
2019-05-30,4.77,4.84,4.84,4.77,28632.0
2019-05-31,4.84,4.92,4.98,4.84,40711.0
2019-06-03,4.92,4.92,4.93,4.85,27385.0
2019-06-04,4.87,4.76,4.94,4.72,37758.0
2019-06-05,4.84,4.77,4.84,4.76,17991.0
2019-06-06,4.76,4.79,4.81,4.69,26220.0
2019-06-10,4.84,4.82,4.84,4.74,48316.0
2019-06-11,4.81,5.0,5.01,4.77,44584.0
2019-06-12,5.0,4.93,5.0,4.88,23025.0
2019-06-13,4.93,5.02,5.03,4.86,20249.0
2019-06-14,5.01,4.92,5.06,4.9,16251.0
2019-06-17,4.95,4.94,5.0,4.87,19927.0
2019-06-18,4.98,4.97,4.99,4.92,26324.0
2019-06-19,5.04,5.16,5.22,5.02,55151.0
2019-06-20,5.12,5.24,5.25,5.09,42481.0
2019-06-21,5.24,5.31,5.34,5.24,35244.0
2019-06-24,5.31,5.34,5.4,5.24,29337.0
2019-06-25,5.34,5.31,5.36,5.19,29480.0
2019-06-26,5.24,5.35,5.41,5.21,32729.0
2019-06-27,5.31,5.38,5.41,5.31,28030.0
2019-06-28,5.37,5.24,5.38,5.17,23411.0
2019-07-01,5.33,5.26,5.35,5.24,52443.0
2019-07-02,5.29,5.33,5.34,5.23,41241.0
2019-07-03,5.31,5.22,5.31,5.14,33223.0
2019-07-04,5.25,5.2,5.26,5.17,21730.0
2019-07-05,5.2,5.18,5.22,5.15,19467.0
2019-07-08,5.19,4.96,5.19,4.87,44721.0
2019-07-09,4.98,4.94,5.0,4.86,23644.0
2019-07-10,4.97,4.94,4.97,4.9,18654.0
2019-07-11,4.95,4.92,5.0,4.89,18863.0
2019-07-12,4.92,4.9,4.94,4.85,26250.0
2019-07-15,4.92,4.9,4.96,4.81,28928.0
2019-07-16,4.87,4.89,4.91,4.83,29997.0
2019-07-17,4.89,4.87,4.91,4.83,29096.0
2019-07-18,4.88,4.88,4.91,4.83,24206.0
2019-07-19,4.87,4.96,4.99,4.87,37526.0
2019-07-22,5.01,4.98,5.01,4.93,32883.0
2019-08-02,5.29,5.43,5.5,4.98,172461.0
2019-08-05,5.33,5.2,5.34,5.14,85297.0
2019-08-06,5.06,5.14,5.16,4.84,61488.0
2019-08-07,4.98,5.24,5.31,4.98,45493.0
2019-08-08,5.28,5.32,5.34,5.16,35433.0
2019-08-09,5.29,5.26,5.32,5.17,27826.0
2019-08-12,5.25,5.29,5.31,5.19,20640.0
2019-08-13,5.26,5.35,5.37,5.19,29830.0
2019-08-14,5.4,5.37,5.47,5.28,37346.0
2019-08-15,5.27,5.42,5.44,5.19,34490.0
2019-08-16,5.37,5.42,5.47,5.34,31395.0
2019-08-19,5.44,5.44,5.46,5.37,36361.0
2019-08-20,5.46,5.42,5.46,5.37,26289.0
2019-08-21,5.45,5.41,5.45,5.36,15817.0
2019-08-22,5.39,5.4,5.43,5.31,14753.0
2019-08-23,5.42,5.38,5.49,5.36,11356.0
2019-08-26,5.3,5.24,5.37,5.19,23109.0
2019-08-27,5.28,5.34,5.37,5.27,16723.0
2019-08-28,5.44,5.43,5.45,5.37,17037.0
2019-08-29,5.47,5.42,5.47,5.41,9864.0
2019-08-30,5.45,5.37,5.45,5.31,17306.0
2019-09-02,5.37,5.42,5.47,5.37,30069.0
2019-09-03,5.45,5.63,5.71,5.44,53257.0
2019-09-04,5.66,5.63,5.67,5.53,34896.0
2019-09-05,5.65,5.64,5.68,5.59,41097.0
2019-09-06,5.67,5.72,5.74,5.62,23808.0
2019-09-09,5.75,5.89,6.01,5.74,59196.0
2019-09-10,5.89,6.03,6.13,5.87,50358.0
2019-09-11,6.05,5.97,6.07,5.94,26834.0
2019-09-12,5.99,5.95,6.04,5.92,18049.0
2019-09-16,5.97,5.85,6.01,5.84,29505.0
2019-09-17,5.9,5.81,5.91,5.81,21957.0
2019-09-18,5.81,5.79,5.87,5.79,14263.0
2019-09-19,5.84,5.81,5.84,5.75,9999.0
2019-09-20,5.81,5.84,5.87,5.78,11574.0
2019-09-23,5.84,5.74,5.84,5.66,19699.0
2019-09-24,5.78,5.69,5.78,5.66,15661.0
2019-09-25,5.63,5.67,5.71,5.6,15120.0
2019-09-26,5.67,5.53,5.71,5.45,29501.0
2019-09-27,5.5,5.47,5.55,5.34,54276.0
2019-09-30,5.44,5.41,5.46,5.24,33871.0
2019-10-08,5.37,5.39,5.4,5.27,28040.0
2019-10-09,5.35,5.44,5.45,5.32,12664.0
2019-10-10,5.47,5.54,5.54,5.46,20350.0
2019-10-11,5.55,5.54,5.58,5.49,15643.0
2019-10-14,5.56,5.57,5.62,5.46,28505.0
2019-10-15,5.52,5.54,5.58,5.47,14613.0
2019-10-16,5.54,5.61,5.64,5.51,27844.0
2019-10-17,5.64,5.55,5.64,5.45,29880.0
2019-10-18,5.54,5.37,5.54,5.36,30502.0
2019-10-21,5.43,5.43,5.43,5.33,20110.0
2019-10-22,5.41,5.42,5.49,5.36,15574.0
2019-10-23,5.43,5.42,5.45,5.4,10627.0
2019-10-24,5.45,5.41,5.45,5.34,11043.0
2019-10-25,5.42,5.45,5.51,5.38,20712.0
2019-10-28,5.45,5.54,5.57,5.41,22161.0
2019-10-29,5.61,5.77,5.84,5.55,83346.0
2019-10-30,5.82,5.74,5.82,5.54,55817.0
2019-10-31,5.72,5.64,5.73,5.55,30365.0
2019-11-01,5.64,5.7,5.7,5.58,21273.0
2019-11-04,5.71,5.72,5.76,5.68,15935.0
2019-11-05,5.71,5.86,5.92,5.71,39233.0
2019-11-06,5.85,5.86,6.0,5.82,28727.0
2019-11-07,5.9,5.9,5.91,5.84,19544.0
2019-11-08,5.94,5.86,5.96,5.84,21648.0
2019-11-11,5.83,5.78,5.86,5.74,21212.0
2019-11-12,5.73,5.72,5.81,5.71,17221.0
2019-11-13,5.78,5.82,5.88,5.71,16331.0
2019-11-14,5.82,5.81,5.89,5.77,23692.0
2019-11-15,5.84,5.76,5.85,5.67,17610.0
2019-11-18,5.81,5.69,5.81,5.64,23337.0
2019-11-19,5.73,5.77,5.78,5.66,20387.0
2019-11-20,5.78,5.77,5.84,5.72,19181.0
2019-11-21,5.82,5.81,5.86,5.75,17298.0
2019-11-22,5.87,5.9,5.92,5.77,47114.0
2019-11-25,5.9,5.93,6.01,5.87,40523.0
2019-11-26,5.95,5.98,6.01,5.91,23387.0
2019-11-27,5.99,5.86,5.99,5.83,30958.0
2019-11-29,5.78,5.67,5.81,5.41,65354.0
2019-12-02,5.64,5.68,5.78,5.61,41420.0
2019-12-03,5.69,5.65,5.69,5.53,28434.0
2019-12-04,5.61,5.67,5.74,5.57,17400.0
2019-12-05,5.71,5.72,5.74,5.63,15630.0
2019-12-06,5.76,5.7,5.76,5.57,49159.0
2019-12-09,5.69,5.71,5.72,5.62,25882.0
2019-12-10,5.71,5.67,5.71,5.6,17133.0
2019-12-11,5.69,5.63,5.69,5.59,16944.0
2019-12-12,5.64,5.59,5.64,5.54,23139.0
2019-12-13,5.61,5.72,5.74,5.61,26885.0
2019-12-16,5.77,5.82,5.82,5.67,27797.0
2019-12-17,5.81,5.93,5.96,5.78,39535.0
2019-12-18,5.97,5.88,5.97,5.82,26940.0
2019-12-19,5.92,5.9,5.92,5.84,17717.0
2019-12-20,5.91,5.84,5.91,5.79,20482.0
2019-12-23,5.88,5.74,5.88,5.65,31080.0
2019-12-24,5.71,5.71,5.74,5.63,20895.0
2019-12-25,5.71,5.69,5.73,5.64,23703.0
2019-12-26,5.71,5.74,5.74,5.62,31425.0
2019-12-27,5.7,5.7,5.74,5.66,22290.0
2019-12-30,5.73,5.82,5.84,5.69,38965.0
2019-12-31,5.82,5.9,5.94,5.78,40080.0
2020-01-02,5.97,5.84,5.97,5.82,46604.0
2020-01-03,5.84,5.94,5.98,5.84,41343.0
2020-01-06,5.9,5.94,5.94,5.75,66319.0
2020-01-07,5.92,5.92,5.94,5.84,47195.0
2020-01-08,5.9,5.85,5.9,5.71,61098.0
2020-01-09,5.88,5.78,5.88,5.74,45100.0
2020-01-10,5.76,5.71,5.78,5.65,34836.0
2020-01-13,5.7,5.78,5.79,5.59,59317.0
2020-01-14,5.77,5.71,5.79,5.67,60634.0
2020-01-15,5.7,5.58,5.71,5.55,57936.0
2020-01-16,5.6,5.51,5.66,5.48,52291.0
2020-01-17,5.55,5.47,5.55,5.44,32171.0
2020-01-20,5.52,5.51,5.52,5.41,30714.0
2020-01-21,5.5,5.47,5.51,5.41,36459.0
2020-01-22,5.46,5.53,5.54,5.44,30968.0
2020-01-23,5.51,5.42,5.51,5.31,37435.0
2020-02-03,4.83,4.76,4.89,4.76,89465.0
2020-02-04,4.77,4.96,5.01,4.75,63879.0
2020-02-05,5.04,5.27,5.57,4.96,105784.0
2020-02-06,5.3,5.57,5.74,5.15,164140.0
2020-02-07,5.58,5.47,5.64,5.27,168804.0
2020-02-10,5.71,5.37,5.71,5.34,145323.0
2020-02-11,5.28,5.24,5.31,5.08,113973.0
2020-02-12,5.17,5.18,5.21,5.11,54944.0
2020-02-13,5.18,5.1,5.21,5.04,68660.0
2020-02-14,5.07,5.07,5.09,5.01,51579.0
2020-02-17,5.11,5.19,5.22,5.07,64620.0
2020-02-18,5.24,5.2,5.24,5.14,67587.0
2020-02-19,5.17,5.12,5.21,5.11,47340.0
2020-02-20,5.13,5.17,5.17,5.09,62650.0
2020-02-21,5.15,5.16,5.21,5.14,77581.0
2020-02-24,5.19,5.2,5.21,5.14,99725.0
2020-02-25,5.14,5.21,5.24,5.07,109798.0
2020-02-26,5.17,5.29,5.34,5.13,122337.0
2020-02-27,5.26,5.27,5.34,5.25,93616.0
2020-02-28,5.21,5.4,5.51,5.05,138857.0
2020-03-02,5.44,5.48,5.54,5.37,142673.0
2020-03-03,5.44,5.41,5.5,5.38,118567.0
2020-03-04,5.41,5.4,5.44,5.31,83504.0
2020-03-05,5.41,5.45,5.48,5.34,110409.0
2020-03-06,5.51,5.6,5.72,5.48,171116.0
2020-03-09,5.62,5.57,5.73,5.43,145415.0
2020-03-10,5.51,5.5,5.57,5.32,97489.0
2020-03-11,5.52,5.32,5.53,5.32,97002.0
2020-03-12,5.28,5.31,5.44,5.24,74680.0
2020-03-13,5.1,5.31,5.36,5.04,89649.0
2020-03-16,5.36,5.21,5.49,5.2,77601.0
2020-03-17,5.17,5.27,5.35,5.08,105755.0
2020-03-18,5.3,5.28,5.54,5.27,84085.0
2020-03-19,5.21,5.15,5.33,5.03,99731.0
2020-03-20,5.21,5.2,5.31,5.07,65993.0
2020-03-23,5.11,4.97,5.16,4.95,55142.0
2020-03-24,5.03,5.08,5.11,4.98,48329.0
2020-03-25,5.13,5.14,5.18,5.07,51432.0
2020-03-26,5.11,5.09,5.14,5.05,39773.0
2020-03-27,5.13,5.14,5.22,5.1,48135.0
2020-03-30,5.08,5.08,5.14,5.02,40393.0
2020-03-31,5.15,5.14,5.18,5.08,34281.0
2020-04-01,5.11,5.13,5.21,5.1,32519.0
2020-04-02,5.12,5.1,5.12,5.02,40479.0
2020-04-03,5.09,5.06,5.1,5.04,30743.0
2020-04-07,5.12,5.18,5.19,5.09,70648.0
2020-04-08,5.15,5.11,5.17,5.08,30989.0
2020-04-09,5.14,5.11,5.14,5.1,33802.0
2020-04-10,5.11,5.01,5.12,5.01,31744.0
2020-04-13,4.99,5.03,5.06,4.99,18555.0
2020-04-14,5.02,5.05,5.06,5.01,24926.0
2020-04-15,5.05,5.05,5.13,5.02,24762.0
2020-04-16,5.08,5.07,5.09,5.03,33797.0
2020-04-17,5.08,5.04,5.11,5.03,35837.0
2020-04-20,5.04,4.97,5.06,4.87,36075.0
2020-04-21,4.94,4.91,4.96,4.88,39143.0
2020-04-22,4.91,4.92,4.94,4.84,29780.0
2020-04-23,4.9,4.85,4.91,4.83,47390.0
2020-04-24,4.86,4.8,4.86,4.78,50554.0
2020-04-27,4.82,4.8,4.87,4.79,30504.0
2020-04-28,4.78,4.51,4.82,4.5,59482.0
2020-04-29,4.5,4.61,4.66,4.44,36815.0
2020-04-30,4.64,4.65,4.7,4.62,21381.0
2020-05-06,4.61,4.67,4.68,4.59,30012.0
2020-05-07,4.66,4.77,4.79,4.66,35236.0
2020-05-08,4.77,4.74,4.79,4.73,19561.0
2020-05-11,4.73,4.65,4.76,4.64,25457.0
2020-05-12,4.66,4.6,4.69,4.59,17548.0
2020-05-13,4.61,4.59,4.61,4.56,11548.0
2020-05-14,4.56,4.51,4.68,4.51,26589.0
2020-05-15,4.51,4.54,4.55,4.49,18102.0
2020-05-18,4.54,4.49,4.56,4.47,15779.0
2020-05-19,4.54,4.52,4.6,4.51,17172.0
2020-05-20,4.54,4.48,4.54,4.47,14871.0
2020-05-21,4.48,4.43,4.48,4.41,19757.0
2020-05-22,4.41,4.34,4.46,4.34,15157.0
2020-05-25,4.41,4.31,4.41,4.31,12852.0
2020-05-26,4.3,4.35,4.35,4.3,19891.0
2020-05-27,4.34,4.32,4.4,4.31,18778.0
2020-05-28,4.37,4.34,4.37,4.31,14650.0
2020-05-29,4.35,4.35,4.37,4.31,12706.0
2020-06-01,4.43,4.47,4.47,4.36,38474.0
2020-06-02,4.47,4.55,4.55,4.44,25257.0
2020-06-03,4.56,4.55,4.58,4.53,18604.0
2020-06-04,4.55,4.53,4.56,4.48,17808.0
2020-06-05,4.51,4.57,4.58,4.5,32941.0
2020-06-08,4.52,4.77,4.79,4.51,94895.0
2020-06-09,4.72,4.79,4.84,4.72,44879.0
2020-06-10,4.81,4.62,4.81,4.58,52399.0
2020-06-11,4.63,4.68,4.73,4.57,34450.0
2020-06-12,4.6,4.77,4.78,4.59,35952.0
2020-06-15,4.77,4.76,4.81,4.7,49499.0
2020-06-16,4.8,4.71,4.81,4.71,30791.0
2020-06-17,4.73,4.69,4.75,4.68,25915.0
2020-06-18,4.71,4.67,4.72,4.66,19742.0
2020-06-19,4.67,4.71,4.73,4.64,22496.0
2020-06-22,4.71,4.67,4.75,4.67,12482.0
2020-06-23,4.67,4.59,4.71,4.58,28743.0
2020-06-24,4.64,4.63,4.65,4.59,13355.0
2020-06-29,4.63,4.57,4.63,4.56,12188.0
2020-06-30,4.57,4.6,4.62,4.57,18025.0
2020-07-01,4.61,4.61,4.64,4.58,18715.0
2020-07-02,4.61,4.71,4.71,4.6,40307.0
2020-07-03,4.71,4.77,4.82,4.68,44907.0
2020-07-06,4.78,5.06,5.08,4.78,87371.0
2020-07-07,5.07,4.96,5.15,4.91,66944.0
2020-07-08,4.92,5.06,5.07,4.9,47556.0
2020-07-09,5.04,5.19,5.2,5.01,83006.0
2020-07-10,5.15,5.11,5.18,5.07,29503.0
2020-07-13,5.11,5.25,5.31,5.07,43494.0
2020-07-14,5.25,5.24,5.34,5.17,38316.0
2020-07-15,5.27,5.17,5.3,5.14,39734.0
2020-07-16,5.18,5.09,5.29,5.09,73382.0
2020-07-17,5.1,5.17,5.26,5.09,40412.0
2020-07-20,5.21,5.34,5.34,5.17,48066.0
2020-07-21,5.34,5.41,5.41,5.21,62130.0
2020-07-22,5.42,5.34,5.45,5.3,27612.0
2020-07-23,5.31,5.24,5.32,5.14,27944.0
2020-07-24,5.27,5.04,5.28,5.01,32048.0
2020-07-27,5.02,5.06,5.11,4.95,16482.0
2020-07-28,5.1,5.06,5.11,5.01,10918.0
2020-07-29,5.07,5.1,5.1,4.98,24164.0
2020-07-30,5.1,5.3,5.39,5.04,61870.0
2020-07-31,5.26,5.81,5.93,5.26,200753.0
2020-08-03,5.77,6.05,6.21,5.75,154130.0
2020-08-04,6.11,6.43,6.47,6.01,144114.0
2020-08-05,6.43,6.34,6.51,6.25,75504.0
2020-08-06,6.36,6.32,6.45,6.26,56656.0
2020-08-07,6.26,6.03,6.29,5.92,86133.0
2020-08-10,6.04,6.1,6.16,5.9,69086.0
2020-08-11,6.14,5.97,6.16,5.94,50031.0
2020-08-12,5.97,6.11,6.13,5.96,55070.0
2020-08-13,6.07,6.09,6.17,6.07,23141.0
2020-08-14,6.09,6.06,6.14,6.0,20844.0
2020-08-17,6.04,5.88,6.11,5.84,69118.0
2020-08-18,5.9,5.87,5.92,5.81,34107.0
2020-08-19,5.85,5.84,6.01,5.71,71167.0
2020-08-20,5.86,5.49,5.86,5.42,89164.0
2020-08-21,5.54,5.37,5.54,5.29,69952.0
2020-08-24,5.4,5.4,5.41,5.32,40691.0
2020-08-25,5.43,5.3,5.43,5.24,63689.0
2020-08-26,5.28,5.31,5.31,5.18,53813.0
2020-08-27,5.26,5.12,5.27,5.03,79896.0
2020-08-28,5.12,5.19,5.21,5.06,44611.0
2020-08-31,5.19,5.13,5.23,5.12,50062.0
2020-09-01,5.11,5.06,5.16,5.01,55335.0
2020-09-02,5.07,5.07,5.09,4.95,45524.0
2020-09-03,5.05,5.12,5.18,5.04,44914.0
2020-09-04,5.01,5.11,5.19,4.98,57750.0
2020-09-07,5.14,5.14,5.22,5.07,55144.0
2020-09-08,5.14,5.27,5.28,5.11,46967.0
2020-09-09,5.24,5.19,5.31,5.19,50515.0
2020-09-10,5.24,5.13,5.29,5.11,38476.0
2020-09-11,5.12,5.11,5.14,5.03,28314.0
2020-09-14,5.17,5.09,5.19,5.04,29109.0
2020-09-15,5.07,5.13,5.14,5.01,18024.0
2020-09-16,5.1,5.17,5.27,5.08,31030.0
2020-09-17,5.17,5.11,5.17,5.11,16684.0
2020-09-18,5.12,5.18,5.18,5.1,28292.0
2020-09-21,5.18,5.24,5.3,5.17,34319.0
2020-09-22,5.25,5.18,5.26,5.15,20554.0
2020-09-23,5.24,5.19,5.24,5.15,14394.0
2020-09-24,5.17,5.06,5.17,5.02,18821.0
2020-09-25,5.09,5.04,5.09,5.02,9615.0
2020-09-28,5.04,5.04,5.07,5.01,11596.0
2020-09-29,5.03,5.07,5.1,5.03,9761.0
2020-09-30,5.08,5.11,5.12,5.04,11809.0
2020-10-09,5.15,5.31,5.32,5.15,44492.0
2020-10-12,5.36,5.3,5.36,5.25,41337.0
2020-10-13,5.3,5.28,5.3,5.24,14388.0
2020-10-14,5.27,5.41,5.43,5.25,41480.0
2020-10-15,5.44,5.53,5.61,5.42,67096.0
2020-10-16,5.56,5.41,5.56,5.32,39624.0
2020-10-19,5.39,5.27,5.44,5.27,26639.0
2020-10-20,5.27,5.42,5.42,5.24,21269.0
2020-10-21,5.31,5.17,5.37,5.12,59870.0
2020-10-22,5.12,4.99,5.15,4.93,54566.0
2020-10-23,5.11,4.98,5.11,4.95,28727.0
2020-10-26,4.98,4.94,4.98,4.86,17278.0
2020-10-27,4.92,4.91,4.94,4.87,13297.0
2020-10-28,4.87,4.85,4.91,4.74,22950.0
2020-10-29,4.82,4.91,5.01,4.76,28524.0
2020-10-30,4.9,4.89,4.98,4.87,23262.0
2020-11-02,4.91,4.96,4.97,4.87,16726.0
2020-11-03,4.97,5.0,5.01,4.94,19546.0
2020-11-04,4.97,4.89,5.0,4.87,18913.0
2020-11-05,4.92,4.92,4.95,4.88,8850.0
2020-11-06,4.93,5.0,5.01,4.86,24954.0
2020-11-09,5.01,5.0,5.03,4.97,26890.0
2020-11-10,5.01,4.92,5.04,4.88,26248.0
2020-11-11,4.93,4.93,4.94,4.87,12870.0
2020-11-12,4.94,4.91,4.94,4.89,10687.0
2020-11-13,4.93,4.89,4.93,4.86,10166.0
2020-11-16,4.92,4.94,4.94,4.91,12641.0
2020-11-17,4.94,4.89,4.94,4.85,21811.0
2020-11-18,4.87,4.99,5.0,4.86,26104.0
2020-11-19,5.01,5.05,5.07,4.96,23775.0
2020-11-20,5.06,5.02,5.06,5.0,10295.0
2020-11-23,5.05,5.04,5.09,5.01,25863.0
2020-11-24,5.04,5.03,5.05,4.99,18604.0
2020-11-25,5.04,4.97,5.07,4.97,15510.0
2020-11-26,4.96,5.04,5.07,4.94,15129.0
2020-11-27,5.07,5.04,5.07,4.99,11779.0
2020-11-30,5.07,5.1,5.14,5.02,40046.0
2020-12-01,5.11,5.11,5.14,5.07,23525.0
2020-12-02,5.11,5.08,5.11,5.04,14794.0
2020-12-03,5.1,5.07,5.1,5.03,9759.0
2020-12-04,5.09,5.1,5.11,5.04,10959.0
2020-12-07,5.11,5.05,5.11,5.01,25073.0
2020-12-08,5.02,5.01,5.05,5.01,12062.0
2020-12-09,5.04,4.94,5.04,4.94,15122.0
2020-12-10,4.93,4.94,4.97,4.91,8230.0
2020-12-11,4.94,4.79,5.0,4.71,32742.0
2020-12-14,4.8,4.81,4.82,4.74,14751.0
2020-12-15,4.81,4.8,4.86,4.75,10979.0
2020-12-16,4.8,4.78,4.84,4.77,18425.0
2020-12-17,4.78,4.84,4.87,4.74,15216.0
2020-12-18,4.86,4.94,5.11,4.86,31695.0
2020-12-21,4.94,5.01,5.02,4.94,16746.0
2020-12-22,5.01,4.79,5.01,4.76,23227.0
2020-12-23,4.79,5.06,5.06,4.77,36601.0
2020-12-24,5.11,5.15,5.3,5.11,54944.0
2020-12-25,5.2,5.4,5.42,5.1,90829.0
2020-12-28,5.37,5.3,5.54,5.28,92663.0
2020-12-29,5.33,5.07,5.33,5.04,72463.0
2020-12-30,5.08,5.03,5.22,4.97,70123.0
2020-12-31,5.07,5.11,5.14,5.0,51709.0
2021-01-04,5.08,5.13,5.19,5.03,46215.0
2021-01-05,5.14,5.05,5.14,5.0,39045.0
2021-01-06,5.01,5.04,5.04,4.92,51782.0
2021-01-07,5.01,5.07,5.12,4.94,44764.0
2021-01-08,5.05,4.93,5.05,4.9,35621.0
2021-01-11,4.91,4.78,4.92,4.77,30135.0
2021-01-12,4.77,4.79,4.83,4.72,27775.0
2021-01-13,4.79,4.82,4.87,4.73,16729.0
2021-01-14,4.79,4.84,4.88,4.78,16371.0
2021-01-15,4.84,4.9,4.93,4.84,18660.0
2021-01-18,4.9,4.88,4.95,4.86,28390.0
2021-01-19,4.89,4.87,4.93,4.84,19227.0
2021-01-20,4.88,4.78,4.88,4.76,23061.0
2021-01-21,4.83,4.8,4.84,4.74,28813.0
2021-01-22,4.79,4.84,4.91,4.74,29199.0
2021-01-25,4.76,4.97,5.02,4.76,45019.0
2021-01-26,4.94,4.97,5.01,4.88,23563.0
2021-01-27,4.99,5.04,5.08,4.94,43827.0
2021-01-28,5.02,5.0,5.02,4.92,25248.0
2021-01-29,5.02,4.97,5.04,4.93,20654.0
2021-02-01,4.93,5.01,5.03,4.92,20252.0
2021-02-02,5.01,5.01,5.04,4.91,20419.0
2021-02-03,5.01,5.07,5.11,5.01,28219.0
2021-02-04,5.17,5.07,5.27,5.01,48562.0
2021-02-05,5.07,4.95,5.11,4.93,20448.0
2021-02-08,4.95,4.91,4.98,4.91,24194.0
2021-02-09,4.98,5.09,5.11,4.87,43611.0
2021-02-10,5.14,5.0,5.19,4.96,27144.0
2021-02-18,5.05,5.07,5.09,4.99,27280.0
2021-02-19,5.07,5.22,5.22,5.03,35805.0
2021-02-22,5.21,5.24,5.36,5.18,49749.0
2021-02-23,5.29,5.29,5.38,5.22,30395.0
2021-02-24,5.32,5.23,5.36,5.19,32488.0
2021-02-25,5.28,5.24,5.29,5.19,21931.0
2021-02-26,5.17,5.24,5.28,5.17,22655.0
2021-03-01,5.22,5.28,5.31,5.21,23916.0
2021-03-02,5.31,5.44,5.53,5.28,63911.0
2021-03-03,5.41,5.45,5.51,5.37,39750.0
2021-03-04,5.45,6.1,6.1,5.45,232302.0
2021-03-05,6.32,6.44,6.64,6.1,391998.0
2021-03-08,6.26,6.57,7.18,6.19,309327.0
2021-03-09,6.09,5.82,6.39,5.82,248923.0
2021-03-10,5.74,5.64,5.77,5.48,155534.0
2021-03-11,5.67,5.89,5.92,5.59,131838.0
2021-03-12,5.86,6.27,6.55,5.71,264930.0
2021-03-15,6.21,6.74,6.95,6.1,264911.0
2021-03-16,6.67,6.57,6.72,6.37,152088.0
2021-03-17,6.57,6.44,6.61,6.27,104887.0
2021-03-18,6.36,6.47,6.67,6.33,148939.0
2021-03-19,6.35,6.34,6.59,6.16,159967.0
2021-03-22,6.51,6.81,6.94,6.46,232886.0
2021-03-23,6.73,6.85,7.44,6.67,306807.0
2021-03-24,6.62,7.11,7.41,6.45,308456.0
2021-03-25,6.93,6.31,6.94,6.31,222671.0
2021-03-26,6.21,6.76,6.94,6.17,242552.0
2021-03-29,6.71,6.56,6.84,6.51,196787.0
2021-03-30,6.51,6.28,6.51,5.94,193969.0
2021-03-31,6.14,6.44,6.54,6.07,122652.0
2021-04-01,6.59,7.19,7.19,6.51,386993.0
2021-04-02,7.17,7.17,7.34,6.81,459669.0
2021-04-06,6.98,6.91,7.12,6.89,205224.0
2021-04-07,6.85,6.92,7.1,6.75,244140.0
2021-04-08,6.84,6.77,6.94,6.51,180450.0
2021-04-09,6.74,6.7,7.07,6.58,199248.0
2021-04-12,6.6,6.73,6.77,6.37,183609.0
2021-04-13,6.59,6.37,6.61,6.28,145183.0
2021-04-14,6.38,6.21,6.44,6.17,96700.0
2021-04-15,6.21,6.2,6.3,6.12,87784.0
2021-04-16,6.21,6.31,6.32,6.19,79862.0
2021-04-19,6.31,6.31,6.47,6.29,72635.0
2021-04-20,6.31,6.37,6.42,6.19,62994.0
2021-04-21,6.32,6.26,6.37,6.19,64891.0
2021-04-22,6.3,6.36,6.42,6.26,63000.0
2021-04-23,6.47,6.34,6.81,6.19,186597.0
2021-04-26,6.24,6.46,6.54,6.17,121068.0
2021-04-27,6.61,6.47,6.77,6.46,132847.0
2021-04-28,6.43,6.86,7.02,6.43,213820.0
2021-04-29,6.81,6.95,7.07,6.81,176899.0
2021-04-30,6.9,7.07,7.14,6.74,147714.0
2021-05-06,7.06,7.33,7.34,6.91,174433.0
2021-05-07,7.15,6.93,7.18,6.86,204699.0
2021-05-10,6.9,7.57,7.71,6.87,308752.0
2021-05-11,7.23,7.18,7.37,7.07,240951.0
2021-05-12,7.17,7.24,7.28,7.04,164331.0
2021-05-13,7.09,6.87,7.2,6.83,133696.0
2021-05-14,6.9,6.84,7.05,6.74,126852.0
2021-05-17,6.97,6.74,6.97,6.69,123382.0
2021-05-18,6.7,6.81,6.86,6.38,105497.0
2021-05-19,6.8,7.06,7.1,6.74,136347.0
2021-05-20,7.06,6.92,7.21,6.84,128672.0
2021-05-21,6.91,6.67,7.01,6.66,186029.0
2021-05-24,6.79,7.09,7.2,6.72,221632.0
2021-05-25,7.08,6.79,7.09,6.64,206716.0
2021-05-26,6.75,6.75,6.91,6.67,156033.0
2021-05-27,6.79,6.79,6.85,6.72,101975.0
2021-05-28,6.79,6.67,6.81,6.66,115302.0
2021-05-31,6.68,6.71,6.72,6.45,153269.0
2021-06-01,6.71,6.93,6.96,6.64,184599.0
2021-06-02,6.96,6.97,7.05,6.84,143098.0
2021-06-03,7.03,7.08,7.2,6.94,136557.0
2021-06-04,7.07,6.93,7.09,6.87,113634.0
2021-06-07,6.97,7.04,7.18,6.91,138677.0
2021-06-08,6.97,6.8,7.01,6.73,128110.0
2021-06-09,6.8,7.14,7.18,6.74,245153.0
2021-06-10,7.17,7.35,7.44,7.09,245464.0
2021-06-11,7.34,7.39,7.65,7.33,237193.0
2021-06-15,7.42,7.54,7.84,7.42,246178.0
2021-06-16,7.44,7.27,7.47,7.11,206839.0
2021-06-17,7.27,7.49,7.6,7.18,175442.0
2021-06-18,7.47,7.39,7.47,7.21,123333.0
2021-06-21,7.47,7.56,7.7,7.28,205445.0
2021-06-22,7.49,7.85,7.91,7.41,272689.0
2021-06-23,7.86,7.78,7.94,7.62,213890.0
2021-06-24,7.77,7.54,7.81,7.41,181194.0
2021-06-25,7.57,7.59,7.65,7.37,114753.0
2021-06-28,7.54,7.41,7.81,7.41,154590.0
2021-06-29,7.41,7.23,7.59,7.21,142029.0
2021-06-30,7.23,7.08,7.32,6.97,125170.0
2021-07-01,7.23,7.08,7.45,7.04,201545.0
2021-07-02,7.09,7.07,7.26,6.94,150157.0
2021-07-05,7.04,7.07,7.14,6.86,154338.0
2021-07-06,7.01,7.2,7.29,6.98,165802.0
2021-07-07,7.27,7.04,7.32,7.01,152139.0
2021-07-08,7.06,7.1,7.22,6.96,122555.0
2021-07-09,7.07,7.22,7.22,6.79,144752.0
2021-07-12,7.28,7.24,7.32,7.08,124158.0
2021-07-13,7.17,7.64,7.66,7.08,215646.0
2021-07-14,7.69,7.61,7.84,7.52,168776.0
2021-07-15,7.61,7.51,7.64,7.38,110729.0
2021-07-16,7.51,7.77,7.94,7.49,205978.0
2021-07-19,7.84,8.64,8.64,7.83,346101.0
2021-07-20,8.84,8.35,8.84,8.04,450796.0
2021-07-21,8.38,8.39,8.57,8.17,301993.0
2021-07-22,8.4,8.46,8.74,8.33,316164.0
2021-07-23,8.45,8.31,8.61,8.2,255663.0
2021-07-26,8.34,8.21,8.46,8.07,181960.0
2021-07-27,8.17,7.77,8.59,7.71,288531.0
2021-07-28,7.52,7.25,7.64,7.05,239982.0
2021-07-29,7.37,7.2,7.46,7.16,193233.0
2021-07-30,7.21,8.0,8.0,7.14,267759.0
2021-08-02,8.07,8.87,8.87,8.06,492032.0
2021-08-03,9.04,9.28,9.46,8.74,471275.0
2021-08-04,9.26,9.25,9.41,9.14,281186.0
2021-08-05,9.42,9.38,9.62,9.26,237774.0
2021-08-06,9.4,9.72,9.9,9.26,271023.0
2021-08-09,9.59,9.71,10.04,9.54,181977.0
2021-08-10,9.68,9.46,9.72,9.34,196270.0
2021-08-11,9.52,9.32,9.52,9.26,128170.0
2021-08-12,9.42,9.25,9.51,8.96,135832.0
2021-08-13,9.25,9.1,9.31,9.01,107176.0
2021-08-16,9.14,8.94,9.16,8.85,127890.0
2021-08-17,9.09,8.58,9.09,8.55,138698.0
2021-08-18,8.58,8.71,8.79,8.52,135548.0
2021-08-19,8.82,8.53,8.82,8.24,151185.0
2021-08-20,8.53,8.66,8.72,8.26,139561.0
2021-08-23,8.67,9.0,9.36,8.46,293315.0
2021-08-24,8.94,9.08,9.16,8.85,213985.0
2021-08-25,9.06,9.24,9.32,8.98,162280.0
2021-08-26,9.25,8.61,9.36,8.56,302848.0
2021-08-27,8.57,8.84,8.89,8.51,162438.0
2021-08-30,8.91,8.85,8.97,8.68,153958.0
2021-08-31,8.87,9.71,9.75,8.84,250427.0
2021-09-01,9.71,9.25,9.77,8.97,229599.0
2021-09-02,9.17,10.25,10.25,9.13,163494.0
2021-09-03,10.61,10.42,11.19,10.14,570790.0
2021-09-06,10.84,11.24,11.54,10.64,533428.0
2021-09-07,11.15,10.79,11.34,10.61,330866.0
2021-09-08,11.14,10.97,11.53,10.87,329301.0
2021-09-09,11.03,11.67,11.79,10.61,370127.0
2021-09-10,11.67,11.23,11.76,11.14,226554.0
2021-09-13,11.14,11.53,11.71,11.0,179042.0
2021-09-14,11.53,11.07,11.66,10.92,127323.0
2021-09-15,11.11,11.47,11.59,10.91,190655.0
2021-09-16,11.47,10.93,11.56,10.87,159257.0
2021-09-17,10.89,12.1,12.1,10.86,540723.0
2021-09-22,12.72,13.38,13.38,12.68,357580.0
2021-09-23,14.45,13.94,14.8,13.83,1121921.0
2021-09-24,14.09,12.8,14.2,12.7,654277.0
2021-09-27,13.16,13.31,13.61,12.3,656534.0
2021-09-28,12.77,14.08,14.6,12.45,560774.0
2021-09-29,13.57,13.07,14.19,12.95,476503.0
2021-09-30,13.07,13.25,13.57,12.4,457436.0
2021-10-08,13.53,11.85,13.57,11.85,346217.0
2021-10-11,11.79,10.6,11.85,10.59,503506.0
2021-10-12,10.61,10.21,10.82,9.82,495291.0
2021-10-13,10.18,9.88,10.22,9.7,333983.0
2021-10-14,9.79,10.45,10.83,9.39,435787.0
2021-10-15,10.52,10.56,10.7,10.07,258563.0
2021-10-18,10.44,10.89,11.03,10.42,283154.0
2021-10-19,10.85,10.68,10.89,10.44,158855.0
2021-10-20,10.41,11.13,11.41,10.31,376546.0
2021-10-21,11.05,11.01,11.32,10.67,219148.0
2021-10-22,11.06,10.51,11.22,10.47,150285.0
2021-10-25,10.58,11.24,11.47,10.5,217246.0
2021-10-26,11.27,11.39,11.97,11.02,219939.0
2021-10-27,11.22,12.61,12.61,11.15,440918.0
2021-10-28,12.05,13.35,13.74,11.92,676983.0
2021-10-29,12.84,12.92,13.12,12.19,418792.0
2021-11-01,12.92,13.01,13.16,12.05,333313.0
2021-11-02,12.44,11.64,12.72,11.64,274106.0
2021-11-03,11.57,11.96,12.21,11.16,211884.0
2021-11-04,12.37,12.97,13.23,12.09,280814.0
2021-11-05,12.91,12.07,12.91,11.87,258079.0
2021-11-08,11.91,11.03,12.09,10.86,392345.0
2021-11-09,11.25,11.28,11.69,11.14,281045.0
2021-11-10,11.28,10.91,11.28,10.53,254687.0
2021-11-11,10.91,10.81,10.93,10.61,165486.0
2021-11-12,10.83,10.84,11.01,10.56,176200.0
2021-11-15,10.76,10.39,10.81,10.01,286231.0
2021-11-16,10.31,10.34,10.49,10.18,128229.0
2021-11-17,10.33,10.2,10.59,10.12,200854.0
2021-11-18,10.26,10.21,10.61,10.01,233513.0
2021-11-19,10.22,10.55,10.73,10.1,211838.0
2021-11-22,10.62,11.02,11.06,10.5,186385.0
2021-11-23,11.02,10.91,11.03,10.77,120025.0
2021-11-24,10.99,10.76,11.03,10.53,119935.0
2021-11-25,10.84,10.31,11.3,10.22,200136.0
2021-11-26,10.22,10.19,10.29,9.8,202896.0
2021-11-29,9.91,11.1,11.28,9.84,319579.0
2021-11-30,11.2,10.77,11.64,10.62,250607.0
2021-12-01,10.84,11.06,11.19,10.42,229169.0
2021-12-02,10.91,10.78,11.17,10.67,127149.0
2021-12-03,10.76,11.94,11.94,10.63,320623.0
2021-12-06,12.46,11.64,12.67,11.59,372776.0
2021-12-07,11.82,12.37,12.41,11.54,358805.0
2021-12-08,12.29,12.34,12.59,12.07,229899.0
2021-12-09,12.27,12.51,12.61,12.07,241922.0
2021-12-10,12.28,11.93,12.53,11.88,203596.0
2021-12-13,12.07,11.97,12.51,11.76,206366.0
2021-12-14,11.76,11.57,11.9,11.3,253557.0
2021-12-15,11.49,12.39,12.47,11.39,354008.0
2021-12-16,12.14,12.71,12.95,11.97,257394.0
2021-12-17,12.71,12.74,13.37,12.5,197160.0
2021-12-20,12.74,11.9,12.83,11.83,243678.0
2021-12-21,11.91,12.07,12.24,11.71,145955.0
2021-12-22,12.11,11.9,12.51,11.78,154451.0
2021-12-23,11.81,12.99,13.14,11.77,320868.0
2021-12-24,13.01,12.32,13.67,12.22,357569.0
2021-12-27,12.45,12.34,13.22,12.07,277292.0
2021-12-28,12.14,11.51,12.34,11.22,350248.0
2021-12-29,11.51,11.2,11.51,10.84,248470.0
2021-12-30,11.11,11.37,11.64,11.11,167890.0
2021-12-31,11.47,11.74,12.44,11.42,297112.0
2022-01-04,11.81,11.18,11.99,11.07,285510.0
2022-01-05,11.16,10.7,11.21,10.41,251884.0
2022-01-06,10.63,10.71,10.88,10.42,148571.0
2022-01-07,10.73,10.1,10.73,9.9,285749.0
2022-01-10,10.07,9.95,10.11,9.77,122400.0
2022-01-11,10.0,9.8,10.14,9.69,125253.0
2022-01-12,9.83,9.8,10.03,9.51,219668.0
2022-01-13,9.74,9.47,9.76,9.44,132520.0
2022-01-14,9.47,9.54,9.71,9.35,115452.0
2022-01-17,9.54,9.44,9.67,9.32,105012.0
2022-01-18,9.37,9.87,9.91,9.34,189880.0
2022-01-19,9.86,10.01,10.08,9.62,176804.0
2022-01-20,10.0,9.8,10.01,9.51,193317.0
2022-01-21,9.76,9.81,10.29,9.68,197050.0
2022-01-24,9.8,9.82,9.86,9.49,126531.0
2022-01-25,9.77,9.32,9.82,9.3,138331.0
2022-01-26,9.37,9.37,9.61,9.26,121937.0
2022-01-27,9.34,8.96,9.44,8.91,111476.0
2022-01-28,8.98,9.07,9.34,8.58,155305.0
2022-02-07,9.29,9.53,9.74,9.24,175603.0
2022-02-08,9.59,9.49,9.61,9.24,125939.0
2022-02-09,9.49,9.76,9.86,9.36,164251.0
2022-02-10,9.74,9.93,10.05,9.69,146002.0
2022-02-11,9.87,9.19,9.89,9.12,232113.0
2022-02-14,9.09,8.94,9.34,8.81,131846.0
2022-02-15,8.89,9.15,9.3,8.84,112946.0
2022-02-16,9.23,9.45,9.68,9.15,124738.0
2022-02-17,9.56,9.51,9.72,9.38,107205.0
2022-02-18,9.39,9.41,9.55,9.23,118640.0
2022-02-21,9.41,9.17,9.47,9.04,145164.0
2022-02-22,9.07,8.77,9.14,8.68,179464.0
2022-02-23,8.84,9.3,9.33,8.78,179843.0
2022-02-24,9.3,9.23,9.68,9.05,199104.0
2022-02-25,9.35,10.04,10.14,9.25,331239.0
2022-02-28,9.89,9.78,10.27,9.5,332088.0
2022-03-01,9.76,9.47,9.87,9.35,197591.0
2022-03-02,9.41,9.32,9.46,9.2,146862.0
2022-03-03,9.41,9.32,9.52,9.28,135052.0
2022-03-04,9.22,9.27,9.44,9.1,107191.0
2022-03-07,9.12,8.84,9.45,8.79,178316.0
2022-03-08,8.84,7.87,8.88,7.87,337181.0
2022-03-09,7.87,7.97,8.18,7.61,291597.0
2022-03-10,8.22,8.43,8.7,8.17,349131.0
2022-03-11,8.22,8.16,8.34,7.79,243646.0
2022-03-14,8.07,7.77,8.22,7.74,179895.0
2022-03-15,7.61,7.08,7.67,7.04,260790.0
2022-03-16,7.35,7.45,7.47,6.97,215266.0
2022-03-17,7.61,7.68,7.81,7.48,196452.0
2022-03-18,7.61,7.91,7.97,7.56,143632.0
2022-03-21,7.86,7.72,7.91,7.61,158674.0
2022-03-22,7.66,7.76,7.78,7.53,125924.0
2022-03-23,7.83,7.98,8.14,7.83,207929.0
2022-03-24,7.93,7.77,7.95,7.74,118488.0
2022-03-25,7.74,7.63,7.84,7.61,104734.0
2022-03-28,7.59,7.61,7.77,7.49,116298.0
2022-03-29,7.7,7.53,7.74,7.45,86051.0
2022-03-30,7.55,7.84,7.87,7.55,152715.0
2022-03-31,7.84,7.75,8.0,7.73,138125.0
2022-04-01,7.69,7.81,7.91,7.6,111879.0
2022-04-06,7.81,7.65,7.81,7.47,106242.0
2022-04-07,7.58,7.32,7.62,7.3,103467.0
2022-04-08,7.35,7.44,7.53,7.11,102198.0
2022-04-11,7.42,7.07,7.42,7.05,97513.0
2022-04-12,7.14,7.14,7.21,6.91,86246.0
2022-04-13,7.11,7.11,7.27,6.97,80425.0
2022-04-14,7.15,7.23,7.24,7.12,83421.0
2022-04-15,7.19,7.73,7.82,7.14,201460.0
2022-04-18,7.69,7.89,7.99,7.6,159249.0
2022-04-19,7.87,8.07,8.2,7.83,149359.0
2022-04-20,8.07,7.82,8.11,7.8,109710.0
2022-04-21,7.82,7.54,7.84,7.52,93461.0
2022-04-22,7.54,8.37,8.37,7.41,317184.0
2022-04-25,8.17,8.46,9.01,8.02,442256.0
2022-04-26,8.64,8.41,8.94,8.28,334475.0
2022-04-27,8.26,9.1,9.17,8.21,334880.0
2022-04-28,8.91,8.94,9.11,8.73,226859.0
2022-04-29,9.06,8.94,9.21,8.76,230314.0
2022-05-05,8.96,8.58,9.36,8.46,331284.0
2022-05-06,8.3,8.22,8.44,8.08,184590.0
2022-05-09,8.26,8.66,8.74,8.18,207140.0
2022-05-10,8.52,8.88,8.95,8.44,177515.0
2022-05-11,8.82,8.71,8.97,8.71,182058.0
2022-05-12,8.89,8.54,8.98,8.33,192028.0
2022-05-13,8.53,8.58,8.71,8.41,106303.0
2022-05-16,8.57,8.51,8.59,8.36,91021.0
2022-05-17,8.46,8.3,8.53,8.17,150277.0
2022-05-18,8.3,8.69,8.79,8.24,183066.0
2022-05-19,8.54,9.0,9.01,8.39,208140.0
2022-05-20,9.0,9.11,9.37,8.94,223943.0
2022-05-23,9.11,9.05,9.18,8.82,126454.0
2022-05-24,9.08,8.54,9.1,8.54,116924.0
2022-05-25,8.53,9.0,9.0,8.44,120793.0
2022-05-26,9.0,8.99,9.13,8.81,113625.0
2022-05-27,9.05,8.84,9.1,8.76,63599.0
2022-05-30,8.84,9.12,9.15,8.75,108724.0
2022-05-31,9.18,9.43,9.47,9.06,159007.0
2022-06-01,9.3,9.19,9.35,9.03,142199.0
2022-06-02,9.17,9.25,9.34,9.07,101387.0
2022-06-06,9.14,9.37,9.45,8.95,163589.0
2022-06-07,9.33,9.11,9.4,9.07,160173.0
2022-06-08,9.13,9.22,9.33,8.89,123037.0
2022-06-09,9.14,9.02,9.37,8.98,125994.0
2022-06-10,8.84,9.44,9.54,8.81,166700.0
2022-06-13,9.37,8.96,9.39,8.78,254649.0
2022-06-14,8.84,8.84,8.91,8.54,162764.0
2022-06-15,8.95,9.04,9.26,8.93,199780.0
2022-06-16,9.02,8.97,9.16,8.87,159756.0
2022-06-17,8.94,9.03,9.08,8.9,101761.0
2022-06-20,9.04,10.01,10.01,9.04,332686.0
2022-06-21,10.07,9.95,10.21,9.69,294344.0
2022-06-22,9.9,9.59,9.94,9.54,149448.0
2022-06-23,9.59,9.61,9.63,9.37,164558.0
2022-06-24,9.64,9.61,9.84,9.51,171760.0
2022-06-27,9.59,9.83,9.84,9.51,200854.0
2022-06-28,9.84,10.02,10.08,9.67,200721.0
2022-06-29,9.92,10.13,10.31,9.78,256790.0
2022-06-30,10.13,10.04,10.36,9.86,192730.0
2022-07-01,10.04,10.01,10.42,9.58,296245.0
2022-07-04,9.9,10.2,10.3,9.67,234523.0
2022-07-05,10.14,10.03,10.37,9.88,216584.0
2022-07-06,10.07,9.85,10.18,9.79,164647.0
2022-07-07,9.95,10.21,10.21,9.81,168089.0
2022-07-08,10.27,9.81,10.27,9.8,152765.0
2022-07-11,9.81,9.74,10.04,9.61,131534.0
2022-07-12,9.77,9.91,10.16,9.66,138353.0
2022-07-13,9.91,10.15,10.19,9.79,172901.0
2022-07-14,10.09,9.07,10.14,9.07,573526.0
2022-07-15,8.85,8.81,8.99,8.69,310479.0
2022-07-18,8.81,9.17,9.22,8.81,239774.0
2022-07-19,9.21,8.94,9.23,8.91,183552.0
2022-07-20,9.04,8.87,9.04,8.81,140555.0
2022-07-21,8.84,8.55,8.84,8.55,157655.0
2022-07-22,8.57,8.56,8.68,8.47,128776.0
2022-07-25,8.58,8.42,8.65,8.31,148530.0
2022-07-26,8.43,8.42,8.49,8.33,104525.0
2022-07-27,8.4,8.37,8.44,8.23,114021.0
2022-07-28,8.38,8.43,8.58,8.37,127092.0
2022-07-29,8.44,8.46,8.68,8.28,162711.0
2022-08-01,8.47,8.35,8.47,8.15,136351.0
2022-08-02,8.21,7.98,8.21,7.81,178010.0
2022-08-03,7.97,7.75,8.11,7.74,123668.0
2022-08-04,7.77,7.91,7.98,7.71,104668.0
2022-08-05,7.96,8.11,8.19,7.91,137075.0
2022-08-08,8.12,8.36,8.42,8.0,155138.0
2022-08-09,8.31,8.33,8.43,8.27,95272.0
2022-08-10,8.29,8.32,8.4,8.17,84065.0
2022-08-11,8.34,8.35,8.47,8.29,85480.0
2022-08-12,8.38,8.43,8.79,8.33,182173.0
2022-08-15,8.53,8.55,8.66,8.32,173854.0
2022-08-16,8.67,8.63,8.87,8.56,150013.0
2022-08-17,8.64,8.7,8.9,8.64,140538.0
2022-08-18,8.67,8.51,8.76,8.46,140666.0
2022-08-19,8.53,8.99,9.11,8.41,272491.0
2022-08-22,9.0,8.85,9.21,8.83,201628.0
2022-08-23,8.83,9.07,9.17,8.77,171900.0
2022-08-24,9.04,8.64,9.14,8.62,141744.0
2022-08-25,8.74,9.09,9.26,8.74,203511.0
2022-08-26,9.04,9.06,9.37,8.89,219584.0
2022-08-29,8.96,8.9,8.98,8.69,126225.0
2022-08-30,8.87,8.69,9.01,8.58,124451.0
2022-08-31,8.67,8.44,8.69,8.41,104825.0
2022-09-01,8.44,8.46,8.64,8.35,133637.0
2022-09-02,8.47,8.63,8.84,8.47,132210.0
2022-09-05,8.61,8.72,8.77,8.5,102206.0
2022-09-06,8.67,8.96,9.01,8.62,131846.0
2022-09-07,8.95,9.23,9.3,8.81,189060.0
2022-09-08,9.19,9.22,9.64,9.15,228295.0
2022-09-09,9.21,9.15,9.37,9.02,118339.0
2022-09-13,9.17,8.79,9.18,8.75,134162.0
2022-09-14,8.72,8.57,8.83,8.46,123570.0
2022-09-15,8.59,8.32,8.79,8.27,141710.0
2022-09-16,8.42,8.05,8.52,8.01,129782.0
2022-09-19,8.0,7.83,8.1,7.75,150129.0
2022-09-20,7.88,7.94,8.07,7.86,96412.0
2022-09-21,7.89,8.07,8.18,7.78,94558.0
2022-09-22,7.98,8.19,8.28,7.93,94908.0
2022-09-23,8.18,8.21,8.32,8.11,103737.0
2022-09-26,8.14,7.87,8.18,7.82,87751.0
2022-09-27,7.87,7.93,8.02,7.75,60805.0
2022-09-28,7.89,7.73,7.99,7.7,73142.0
2022-09-29,7.84,7.72,7.87,7.6,66344.0
2022-09-30,7.69,7.61,7.78,7.61,69554.0
2022-10-10,7.59,7.53,7.72,7.51,58460.0
2022-10-11,7.56,7.73,7.8,7.47,104066.0
2022-10-12,7.75,7.74,7.79,7.44,84199.0
2022-10-13,7.69,7.93,8.07,7.64,89487.0
2022-10-14,7.95,7.97,8.05,7.93,71767.0
2022-10-17,8.0,8.45,8.57,8.0,212686.0
2022-10-18,8.39,8.45,8.58,8.36,123227.0
2022-10-19,8.44,8.17,8.44,8.15,90023.0
2022-10-20,8.13,8.0,8.2,7.93,99571.0
2022-10-21,8.04,8.31,8.49,8.0,149904.0
2022-10-24,8.27,8.15,8.28,8.04,135813.0
2022-10-25,8.08,8.11,8.21,7.94,102833.0
2022-10-26,8.11,8.19,8.39,8.01,128236.0
2022-10-27,8.19,8.03,8.3,8.0,136481.0
2022-10-28,7.98,7.63,8.04,7.58,106932.0
2022-10-31,7.71,7.61,7.73,7.47,77914.0
2022-11-01,7.57,7.74,7.84,7.57,117074.0
2022-11-02,7.73,7.78,7.79,7.62,97651.0
2022-11-03,7.74,7.77,7.84,7.71,61951.0
2022-11-04,7.78,8.01,8.06,7.77,123696.0
2022-11-07,8.04,8.1,8.13,7.93,98774.0
2022-11-08,8.07,7.95,8.09,7.91,72877.0
2022-11-09,7.95,7.9,8.01,7.89,51477.0
2022-11-10,7.96,8.12,8.18,7.88,154977.0
2022-11-11,8.23,8.14,8.31,8.04,139804.0
2022-11-14,8.14,7.94,8.18,7.91,101724.0
2022-11-15,7.92,8.14,8.18,7.91,118899.0
2022-11-16,8.17,8.13,8.45,8.09,158653.0
2022-11-17,8.1,7.99,8.12,7.91,73455.0
2022-11-18,8.01,8.03,8.11,7.93,79637.0
2022-11-21,7.98,8.07,8.13,7.93,62908.0
2022-11-22,8.04,8.03,8.16,7.95,73199.0
2022-11-23,8.01,8.15,8.17,8.0,91354.0
2022-11-24,8.17,8.14,8.27,8.11,74376.0
2022-11-25,8.13,8.17,8.26,8.05,78725.0
2022-11-28,8.06,8.28,8.36,7.92,144790.0
2022-11-29,8.27,8.17,8.29,8.08,163658.0
2022-11-30,8.15,8.1,8.21,8.07,119303.0
2022-12-01,8.15,8.11,8.17,8.1,96866.0
2022-12-02,8.11,8.06,8.14,7.99,86825.0
2022-12-05,8.04,8.18,8.2,8.01,177244.0
2022-12-06,8.18,8.03,8.21,8.01,137563.0
2022-12-07,8.01,7.83,8.02,7.78,168743.0
2022-12-08,7.86,7.77,7.86,7.72,94347.0
2022-12-09,7.77,7.68,7.81,7.65,92173.0
2022-12-12,7.71,7.65,7.71,7.6,88792.0
2022-12-13,7.64,7.66,7.69,7.63,59617.0
2022-12-14,7.68,7.59,7.68,7.56,75783.0
2022-12-15,7.57,7.59,7.61,7.54,75070.0
2022-12-16,7.56,7.57,7.66,7.54,80009.0
2022-12-19,7.61,7.55,7.64,7.45,76465.0
2022-12-20,7.51,7.51,7.53,7.44,47853.0
2022-12-21,7.48,7.39,7.54,7.32,67550.0
2022-12-22,7.43,7.18,7.43,7.17,87053.0
2022-12-23,7.15,7.24,7.29,7.15,59226.0
2022-12-26,7.24,7.39,7.4,7.24,39443.0
2022-12-27,7.42,7.34,7.42,7.3,48775.0
2022-12-28,7.34,7.48,7.61,7.33,131769.0
2022-12-29,7.42,7.42,7.54,7.38,82219.0
2022-12-30,7.44,7.52,7.57,7.41,79576.0
2023-01-03,7.52,7.69,7.74,7.47,146762.0
2023-01-04,7.71,7.72,7.81,7.63,136815.0
2023-01-05,7.74,7.92,8.0,7.74,199453.0
2023-01-06,7.92,7.97,8.14,7.89,179657.0
2023-01-09,8.07,7.92,8.07,7.9,116758.0
2023-01-10,7.92,7.84,8.02,7.82,90649.0
2023-01-11,7.89,7.74,7.9,7.74,67570.0
2023-01-12,7.76,7.79,7.87,7.71,69406.0
2023-01-13,7.83,7.8,7.83,7.71,90060.0
2023-01-16,8.26,8.64,8.64,8.26,494142.0
2023-01-17,8.73,8.75,8.87,8.62,484157.0
2023-01-18,8.91,8.71,8.92,8.64,230076.0
2023-01-19,8.73,8.59,8.74,8.54,184970.0
2023-01-20,8.64,8.76,8.86,8.6,164044.0
2023-01-30,8.79,8.83,8.89,8.73,215006.0
2023-01-31,8.77,8.96,9.11,8.73,190154.0
2023-02-01,8.88,9.13,9.25,8.81,240983.0
2023-02-02,9.12,9.02,9.12,8.96,157902.0
2023-02-03,9.01,8.92,9.01,8.84,110002.0
2023-02-06,8.88,8.84,8.95,8.78,102024.0
2023-02-07,8.84,8.89,8.91,8.77,95192.0
2023-02-08,8.92,8.85,8.92,8.79,72685.0
2023-02-09,8.88,8.83,8.92,8.8,93151.0
2023-02-10,8.84,8.96,9.0,8.71,136260.0
2023-02-13,8.92,8.91,9.04,8.86,138189.0
2023-02-14,8.88,9.01,9.12,8.88,137613.0
2023-02-15,9.01,8.97,9.07,8.94,80434.0
2023-02-16,9.0,8.91,9.21,8.86,128747.0
2023-02-17,8.94,8.95,9.21,8.91,140187.0
2023-02-20,8.93,9.07,9.12,8.89,94089.0
2023-02-21,9.1,9.07,9.17,8.88,153572.0
2023-02-22,9.04,9.09,9.29,9.0,117283.0
2023-02-23,9.07,9.04,9.15,9.0,86615.0
2023-02-24,9.04,9.06,9.1,8.92,86545.0
2023-02-27,9.03,9.14,9.21,8.96,114886.0
2023-02-28,9.16,9.43,9.51,9.11,199842.0
2023-03-01,9.38,9.57,9.61,9.33,158271.0
2023-03-02,9.57,9.54,9.77,9.47,118880.0
2023-03-03,9.54,9.67,9.73,9.47,108706.0
2023-03-06,9.71,9.71,9.77,9.6,94969.0
2023-03-07,9.68,9.54,9.75,9.49,133773.0
2023-03-08,9.49,9.37,9.51,9.29,94881.0
2023-03-09,9.36,9.25,9.46,9.17,101525.0
2023-03-10,9.24,9.24,9.34,9.19,93291.0
2023-03-13,9.27,9.3,9.36,9.16,79617.0
2023-03-14,9.33,9.5,9.67,9.22,156068.0
2023-03-15,9.51,9.69,9.74,9.39,137854.0
2023-03-16,9.63,9.58,9.75,9.52,99071.0
2023-03-17,9.67,9.92,10.04,9.57,180864.0
2023-03-20,9.92,9.71,10.04,9.61,163445.0
2023-03-21,9.77,9.66,9.8,9.58,99283.0
2023-03-22,9.69,9.62,9.75,9.57,87603.0
2023-03-23,9.64,9.46,9.64,9.31,151893.0
2023-03-24,9.47,9.53,9.64,9.36,134914.0
2023-03-27,9.53,9.0,9.57,8.96,194521.0
2023-03-28,9.08,9.07,9.17,9.0,90244.0
2023-03-29,9.05,9.03,9.14,8.91,64277.0
2023-03-30,9.0,8.94,9.02,8.79,104189.0
2023-03-31,8.91,8.81,8.98,8.79,80184.0
2023-04-03,8.78,8.77,8.91,8.74,107141.0
2023-04-04,8.75,8.72,8.77,8.61,87641.0
2023-04-06,8.66,8.73,8.81,8.66,79395.0
2023-04-07,8.77,8.81,8.91,8.74,77363.0
2023-04-10,8.78,9.14,9.22,8.75,168763.0
2023-04-11,9.08,9.07,9.14,8.75,235617.0
2023-04-12,9.04,9.01,9.18,8.98,124441.0
2023-04-13,9.11,9.13,9.22,9.01,108310.0
2023-04-14,9.14,9.37,9.45,9.13,126317.0
2023-04-17,9.61,9.59,9.63,9.41,194481.0
2023-04-18,9.54,9.51,9.62,9.33,143018.0
2023-04-19,9.48,9.3,9.54,9.27,104150.0
2023-04-20,9.34,9.26,9.42,9.05,175169.0
2023-04-21,9.3,9.07,9.38,9.02,114698.0
2023-04-24,9.16,9.03,9.17,8.91,122280.0
2023-04-25,9.02,8.82,9.06,8.62,212630.0
2023-04-26,8.46,8.74,8.81,7.87,529537.0
2023-04-27,8.65,8.58,8.75,8.46,206212.0
2023-04-28,8.54,8.42,8.66,8.3,130204.0
2023-05-04,8.38,8.72,8.95,8.37,239227.0
2023-05-05,8.77,8.62,8.77,8.54,148537.0
2023-05-08,8.66,9.04,9.15,8.63,200345.0
2023-05-09,9.04,9.06,9.33,8.91,180346.0
2023-05-10,9.03,8.96,9.24,8.92,96679.0
2023-05-11,8.91,8.97,9.2,8.9,73257.0
2023-05-12,8.97,9.31,9.41,8.97,154634.0
2023-05-15,9.31,9.11,9.44,9.04,220354.0
2023-05-16,9.07,8.94,9.16,8.84,185726.0
2023-05-17,8.94,9.04,9.13,8.83,116869.0
2023-05-18,9.02,8.85,9.11,8.77,118403.0
2023-05-19,8.82,8.81,8.92,8.75,83804.0
2023-05-22,8.86,9.17,9.22,8.81,130793.0
2023-05-23,9.22,8.93,9.28,8.93,104447.0
2023-05-24,8.92,8.84,9.06,8.81,80309.0
2023-05-25,8.81,8.9,8.98,8.73,79279.0
2023-05-26,8.9,9.01,9.04,8.85,75997.0
2023-05-29,9.01,9.41,9.51,8.92,179251.0
2023-05-30,9.38,9.28,9.42,9.11,120483.0
2023-05-31,9.24,9.08,9.36,9.03,83675.0
2023-06-01,9.03,8.83,9.11,8.81,105074.0
2023-06-02,8.84,8.83,9.05,8.81,88981.0
2023-06-05,8.87,8.89,8.94,8.74,90638.0
2023-06-06,8.83,8.41,8.87,8.37,170083.0
2023-06-07,8.4,8.37,8.51,8.35,61745.0
2023-06-08,8.35,8.44,8.53,8.27,75038.0
2023-06-09,8.49,8.66,8.73,8.38,104146.0
2023-06-12,8.61,8.37,8.65,8.34,108957.0
2023-06-13,8.36,8.26,8.42,8.19,94195.0
2023-06-14,8.26,8.17,8.29,8.15,76571.0
2023-06-15,8.2,8.21,8.24,8.12,82382.0
2023-06-16,8.23,8.14,8.26,8.13,94590.0
2023-06-19,8.11,8.17,8.23,8.04,144679.0
2023-06-20,8.15,8.15,8.19,8.04,108687.0
2023-06-21,8.11,8.14,8.44,8.1,151934.0
2023-06-26,8.08,8.31,8.38,8.08,214270.0
2023-06-27,8.32,8.45,8.49,8.2,141982.0
2023-06-28,8.49,8.55,8.6,8.4,136832.0
2023-06-29,8.56,8.27,8.56,8.24,207437.0
2023-06-30,8.3,8.27,8.36,8.18,128777.0
2023-07-03,8.27,8.41,8.46,8.25,135376.0
2023-07-04,8.42,8.33,8.44,8.27,152989.0
2023-07-05,8.35,8.26,8.4,8.25,102337.0
2023-07-06,8.29,8.11,8.3,8.07,124932.0
2023-07-07,8.06,8.2,8.25,8.06,115616.0
2023-07-10,8.33,8.25,8.44,8.16,164690.0
2023-07-11,8.26,8.1,8.26,8.03,156551.0
2023-07-12,8.08,8.05,8.13,8.0,148406.0
2023-07-13,8.06,8.23,8.37,8.04,209635.0
2023-07-14,8.21,8.07,8.24,8.04,147733.0
2023-07-17,8.07,8.01,8.08,7.99,104472.0
2023-07-18,8.14,8.01,8.3,7.95,184899.0
2023-07-19,7.98,8.0,8.05,7.95,105145.0
2023-07-20,7.98,7.91,8.01,7.9,107744.0
2023-07-21,7.89,7.87,7.95,7.85,82037.0
2023-07-24,7.86,7.89,7.91,7.82,94943.0
2023-07-25,7.91,7.87,8.0,7.8,224361.0
2023-07-26,7.85,7.93,7.94,7.82,141054.0
2023-07-27,7.92,7.85,8.0,7.84,102868.0
2023-07-28,7.84,7.97,7.98,7.81,146015.0
2023-07-31,7.99,8.03,8.04,7.96,148201.0
2023-08-01,8.02,8.1,8.13,8.01,158697.0
2023-08-02,8.12,8.08,8.16,8.01,126031.0
2023-08-03,8.03,8.14,8.26,8.01,215972.0
2023-08-04,8.13,8.13,8.19,8.09,99923.0
2023-08-07,8.11,8.07,8.14,8.04,97555.0
2023-08-08,8.04,7.99,8.11,7.96,93764.0
2023-08-09,8.0,7.94,8.01,7.92,58238.0
2023-08-10,7.96,8.01,8.02,7.92,65714.0
2023-08-11,8.01,7.89,8.04,7.89,92176.0
2023-08-14,7.84,7.95,7.96,7.82,99986.0
2023-08-15,7.95,7.92,8.01,7.86,85765.0
2023-08-16,7.87,7.89,7.94,7.85,54596.0
2023-08-17,7.86,7.94,7.95,7.76,118261.0
2023-08-18,7.92,7.87,7.94,7.84,77537.0
2023-08-21,7.85,7.73,7.87,7.72,84998.0
2023-08-22,7.74,7.76,7.81,7.67,76356.0
2023-08-23,7.76,7.63,7.78,7.59,87335.0
2023-08-24,7.65,7.63,7.7,7.54,70929.0
2023-08-25,7.44,7.77,7.8,7.36,273524.0
2023-08-28,8.04,7.84,8.09,7.83,160471.0
2023-08-29,7.81,7.76,7.89,7.76,124339.0
2023-08-30,7.77,7.8,7.9,7.73,139079.0
2023-08-31,7.77,7.93,7.95,7.77,141533.0
2023-09-01,7.89,7.84,7.93,7.82,71165.0
2023-09-04,7.84,7.92,7.94,7.77,82893.0
2023-09-05,7.91,7.95,7.96,7.86,70147.0
2023-09-06,7.94,7.93,7.98,7.85,51957.0
2023-09-07,7.95,7.88,7.98,7.87,63102.0
2023-09-08,7.89,7.95,8.04,7.86,81940.0
2023-09-11,7.96,8.01,8.04,7.95,87647.0
2023-09-12,7.98,7.99,8.06,7.98,59115.0
2023-09-13,8.06,8.03,8.12,7.96,150172.0
2023-09-14,8.06,8.09,8.11,8.0,119670.0
2023-09-15,8.1,8.13,8.14,8.02,161332.0
2023-09-18,8.11,8.11,8.13,8.0,98311.0
2023-09-19,8.07,8.21,8.22,8.05,153208.0
2023-09-20,8.23,8.2,8.25,8.16,83176.0
2023-09-21,8.16,8.25,8.29,8.15,109355.0
2023-09-22,8.23,8.2,8.3,8.13,115541.0
2023-09-25,8.19,8.21,8.25,8.15,79141.0
2023-09-26,8.19,8.28,8.3,8.14,80857.0
2023-09-27,8.26,8.21,8.38,8.16,103111.0
2023-09-28,8.24,8.21,8.3,8.15,78069.0
2023-10-09,8.09,8.24,8.25,8.09,67139.0
2023-10-10,8.26,8.24,8.31,8.18,70155.0
2023-10-11,8.24,8.2,8.3,8.19,62664.0
2023-10-12,8.18,8.24,8.29,8.18,57326.0
2023-10-13,8.26,8.2,8.26,8.17,82182.0
2023-10-16,8.24,8.2,8.27,8.19,66520.0
2023-10-17,8.27,8.21,8.3,8.18,71554.0
2023-10-18,8.24,8.1,8.25,8.04,88273.0
2023-10-19,8.04,7.85,8.08,7.84,99756.0
2023-10-20,7.84,8.0,8.1,7.83,132344.0
2023-10-23,8.0,7.8,8.03,7.79,72710.0
2023-10-24,7.82,7.98,8.02,7.74,76746.0
2023-10-25,8.29,8.02,8.32,8.0,121817.0
2023-10-26,8.0,8.22,8.24,8.0,131094.0
2023-10-27,8.17,8.41,8.45,8.14,168494.0
2023-10-30,8.39,8.25,8.39,8.18,104923.0
2023-10-31,8.2,8.25,8.26,8.12,66660.0
2023-11-01,8.26,8.41,8.45,8.16,115847.0
2023-11-02,8.37,8.39,8.45,8.3,94667.0
2023-11-03,8.41,8.39,8.52,8.35,101106.0
2023-11-06,8.39,8.24,8.49,8.24,123277.0
2023-11-07,8.25,8.25,8.32,8.22,57473.0
2023-11-08,8.26,8.19,8.26,8.15,47789.0
2023-11-09,8.16,8.21,8.27,8.15,44485.0
2023-11-10,8.21,8.24,8.28,8.1,54071.0
2023-11-13,8.28,8.39,8.43,8.12,138083.0
2023-11-14,8.36,8.42,8.5,8.32,91808.0
2023-11-15,8.44,8.4,8.46,8.34,62665.0
2023-11-16,8.38,8.4,8.48,8.35,84500.0
2023-11-17,8.4,8.49,8.55,8.4,123986.0
2023-11-20,8.43,8.22,8.43,8.2,197472.0
2023-11-21,8.2,8.22,8.27,8.17,87104.0
2023-11-22,8.25,8.12,8.26,8.11,94266.0
2023-11-23,8.14,8.21,8.21,8.08,55068.0
2023-11-24,8.19,8.17,8.25,8.14,80660.0
2023-11-27,8.17,8.1,8.19,8.04,82887.0
2023-11-28,8.1,8.15,8.15,8.04,63660.0
2023-11-29,8.11,8.15,8.2,8.04,105261.0
2023-11-30,8.19,8.23,8.36,8.14,184897.0
2023-12-01,8.24,8.34,8.35,8.14,162394.0
2023-12-04,8.38,8.35,8.44,8.29,138766.0
2023-12-05,8.37,8.26,8.42,8.26,105516.0
2023-12-06,8.25,8.15,8.25,8.12,110822.0
2023-12-07,8.16,8.24,8.25,8.13,79703.0
2023-12-08,8.26,8.26,8.31,8.22,98336.0
2023-12-11,8.24,8.31,8.33,8.09,119759.0
2023-12-12,8.29,8.3,8.34,8.25,63004.0
2023-12-13,8.31,8.25,8.33,8.25,49752.0
2023-12-14,8.26,8.29,8.31,8.19,78336.0
2023-12-15,8.28,8.14,8.31,8.14,94933.0
2023-12-18,8.13,8.11,8.19,8.09,69498.0
2023-12-19,8.11,7.97,8.12,7.91,138543.0
2023-12-20,7.98,7.96,8.11,7.94,110774.0
2023-12-21,7.97,8.05,8.06,7.88,82718.0
2023-12-22,8.06,8.07,8.13,8.02,83245.0
2023-12-25,8.05,7.98,8.05,7.93,71777.0
2023-12-26,7.99,7.99,8.1,7.97,75522.0
2023-12-27,8.02,8.04,8.08,7.94,71714.0
2023-12-28,8.04,7.97,8.08,7.95,144421.0
2023-12-29,7.97,7.96,7.98,7.89,169283.0
2024-01-02,7.96,8.28,8.38,7.93,326255.0
2024-01-03,8.3,8.31,8.36,8.24,156023.0
2024-01-04,8.3,8.39,8.4,8.21,158196.0
2024-01-05,8.41,8.28,8.53,8.25,156708.0
2024-01-08,8.33,8.16,8.35,8.16,130248.0
2024-01-09,8.21,8.19,8.25,8.1,79336.0
2024-01-10,8.17,8.16,8.21,8.1,78747.0
2024-01-11,8.12,8.05,8.16,8.01,156807.0
2024-01-12,8.05,8.22,8.24,8.04,119312.0
2024-01-15,8.16,8.17,8.29,8.14,126545.0
2024-01-16,8.17,8.13,8.19,8.06,104490.0
2024-01-17,8.12,8.1,8.24,8.08,136496.0
2024-01-18,8.07,7.95,8.07,7.76,265360.0
2024-01-19,7.93,7.87,7.99,7.83,136937.0
2024-01-22,7.89,7.59,7.89,7.54,170251.0
2024-01-23,7.62,7.66,7.72,7.46,147529.0
2024-01-24,7.71,7.79,7.8,7.59,155957.0
2024-01-25,7.78,8.1,8.1,7.78,174802.0
2024-01-26,8.06,8.18,8.2,8.06,156673.0
2024-01-29,8.19,8.21,8.3,8.14,180610.0
2024-01-30,8.19,8.13,8.31,8.09,168671.0
2024-01-31,8.08,7.98,8.18,7.94,212509.0
2024-02-01,7.97,7.9,8.1,7.86,146612.0
2024-02-02,7.9,7.81,8.04,7.65,218387.0
2024-02-05,7.78,7.77,7.93,7.54,331148.0
2024-02-06,7.71,8.05,8.17,7.7,259559.0
2024-02-07,8.05,8.26,8.28,8.0,300419.0
2024-02-08,8.28,8.2,8.42,8.14,322556.0
2024-02-19,8.22,8.36,8.4,8.17,234570.0
2024-02-20,8.37,8.6,8.61,8.3,258083.0
2024-02-21,8.57,8.6,8.94,8.57,362873.0
2024-02-22,8.58,8.85,8.87,8.55,219800.0
2024-02-23,8.86,8.86,8.98,8.77,167251.0
2024-02-26,8.81,8.55,8.87,8.52,285378.0
2024-02-27,8.63,8.64,8.68,8.54,176501.0
2024-02-28,8.64,8.71,8.86,8.59,266722.0
2024-02-29,8.69,8.88,8.89,8.64,204521.0
2024-03-01,8.87,8.87,9.06,8.84,193556.0
2024-03-04,8.84,9.17,9.18,8.8,241237.0
2024-03-05,9.17,9.32,9.47,9.09,245405.0
2024-03-06,9.32,9.34,9.48,9.31,210419.0
2024-03-07,9.32,9.4,9.47,9.27,210634.0
2024-03-08,9.4,9.52,9.62,9.35,219178.0
2024-03-11,9.55,9.49,9.7,9.34,211701.0
2024-03-12,9.48,9.13,9.5,9.07,243420.0
2024-03-13,9.13,9.3,9.4,9.1,227583.0
2024-03-14,9.15,9.44,9.49,9.06,254946.0
2024-03-15,9.46,9.56,9.59,9.35,231858.0
2024-03-18,9.53,9.65,9.75,9.37,214575.0
2024-03-19,9.65,9.49,9.71,9.42,153232.0
2024-03-20,9.46,9.44,9.56,9.32,80694.0
2024-03-21,9.44,9.42,9.48,9.33,107410.0
2024-03-22,9.43,9.42,9.5,9.35,123607.0
2024-03-25,9.41,9.85,10.04,9.37,379762.0
2024-03-26,9.81,9.8,9.87,9.67,176845.0
2024-03-27,9.84,9.85,9.99,9.77,181968.0
2024-03-28,9.81,9.93,9.97,9.72,132311.0
2024-03-29,9.91,10.22,10.25,9.87,165017.0
2024-04-01,10.22,10.17,10.24,10.02,209986.0
2024-04-02,10.15,10.24,10.29,10.13,198614.0
2024-04-03,10.23,10.15,10.25,10.05,129354.0
2024-04-08,10.08,10.18,10.28,10.01,118490.0
2024-04-09,10.19,10.02,10.22,9.97,130353.0
2024-04-10,9.99,9.99,10.13,9.89,134223.0
2024-04-11,9.99,10.16,10.23,9.92,156208.0
2024-04-12,10.18,10.08,10.22,9.99,141723.0
2024-04-15,10.13,10.34,10.39,10.02,190423.0
2024-04-16,10.3,10.19,10.43,10.18,178847.0
2024-04-17,10.17,10.25,10.27,9.99,148756.0
2024-04-18,9.99,9.89,10.13,9.7,474307.0
2024-04-19,9.82,9.95,10.06,9.8,281266.0
2024-04-22,9.87,9.74,10.06,9.69,223199.0
2024-04-23,9.7,9.42,9.76,9.37,276415.0
2024-04-24,9.43,9.64,9.7,9.43,217550.0
2024-04-25,9.47,9.36,9.52,9.31,188135.0
2024-04-26,9.41,9.49,9.56,9.29,193578.0
2024-04-29,9.45,9.56,9.61,9.24,245526.0
2024-04-30,9.56,9.68,9.81,9.56,188948.0
2024-05-06,9.73,9.77,9.8,9.57,197070.0
2024-05-07,9.76,9.52,9.78,9.51,190463.0
2024-05-08,9.54,9.48,9.59,9.46,118584.0
2024-05-09,9.47,9.7,9.73,9.45,117138.0
2024-05-10,9.68,9.84,9.87,9.62,171979.0
2024-05-13,9.81,10.07,10.17,9.77,202871.0
2024-05-14,10.04,10.14,10.23,9.92,176034.0
2024-05-15,10.13,9.97,10.24,9.96,121463.0
2024-05-16,9.99,9.89,10.08,9.87,113320.0
2024-05-17,9.91,9.94,9.96,9.83,99811.0
2024-05-20,9.94,10.26,10.29,9.86,159086.0
2024-05-21,10.24,10.26,10.31,10.13,123647.0
2024-05-22,10.27,10.38,10.46,10.25,148411.0
2024-05-23,10.38,10.13,10.39,10.1,140690.0
2024-05-24,10.14,10.49,10.63,10.14,312901.0
2024-05-27,10.5,10.61,10.82,10.49,315038.0
2024-05-28,10.54,10.59,10.74,10.51,146044.0
2024-05-29,10.53,10.5,10.59,10.4,115501.0
2024-05-30,10.46,10.38,10.53,10.34,147734.0
2024-05-31,10.39,10.41,10.45,10.29,114264.0
2024-06-03,10.4,10.28,10.46,10.17,216146.0
2024-06-04,10.34,10.54,10.6,10.25,200387.0
2024-06-05,10.51,10.66,10.72,10.42,213036.0
2024-06-06,10.61,10.73,10.84,10.57,190640.0
2024-06-07,10.69,11.08,11.16,10.69,238275.0
2024-06-11,11.09,11.23,11.29,10.92,260333.0
2024-06-12,11.23,11.36,11.42,11.11,160599.0
2024-06-13,11.26,11.31,11.77,11.2,272605.0
2024-06-14,11.28,11.15,11.57,10.99,398247.0
2024-06-17,10.99,10.84,11.13,10.75,245807.0
2024-06-18,10.84,10.78,10.87,10.66,122098.0
2024-06-19,10.77,10.74,10.91,10.7,105844.0
2024-06-20,10.7,11.02,11.11,10.7,141511.0
2024-06-21,10.98,11.17,11.26,10.9,157938.0
2024-06-24,11.1,11.09,11.22,11.02,127120.0
2024-06-25,11.15,10.91,11.15,10.86,108476.0
2024-06-26,10.89,10.98,11.01,10.71,122824.0
2024-06-27,10.89,10.91,11.1,10.85,95455.0
2024-06-28,10.8,11.35,11.41,10.8,179755.0
2024-07-01,11.38,11.77,11.92,11.32,188969.0
2024-07-02,11.77,11.72,11.79,11.6,115959.0
2024-07-03,11.69,11.54,11.84,11.43,133822.0
2024-07-04,11.61,11.46,11.65,11.35,94335.0
2024-07-05,11.4,11.83,11.85,11.4,196932.0
2024-07-08,11.8,11.97,12.2,11.55,216347.0
2024-07-09,11.88,12.0,12.04,11.7,162585.0
2024-07-10,11.92,11.61,12.03,11.52,160857.0
2024-07-11,11.69,11.75,11.77,11.49,112858.0
2024-07-12,11.7,11.38,11.88,11.37,137108.0
2024-07-15,11.43,11.7,11.81,11.14,148905.0
2024-07-16,11.68,11.76,11.89,11.54,125910.0
2024-07-17,11.7,11.35,11.77,11.23,129136.0
2024-07-18,11.23,11.56,11.59,11.23,114400.0
2024-07-19,11.56,11.45,11.59,11.4,79274.0
2024-07-22,11.42,11.21,11.52,11.09,121857.0
2024-07-23,11.19,10.94,11.32,10.91,137225.0
2024-07-24,10.9,11.3,11.37,10.82,219930.0
2024-07-25,11.29,11.34,11.48,11.1,136881.0
2024-07-26,11.31,11.29,11.35,11.07,134767.0
2024-07-29,11.3,11.4,11.48,11.23,84646.0
2024-07-30,11.4,10.97,11.45,10.91,94471.0
2024-07-31,10.96,10.71,11.03,10.56,226580.0
2024-08-01,10.7,10.7,10.94,10.66,117591.0
2024-08-02,10.63,10.59,10.73,10.57,76405.0
2024-08-05,10.4,10.09,10.45,10.06,227135.0
2024-08-06,10.13,9.98,10.24,9.92,119105.0
2024-08-07,10.02,10.25,10.59,9.98,165757.0
2024-08-08,10.3,10.23,10.38,10.15,97852.0
2024-08-09,10.24,10.25,10.39,10.2,79241.0
2024-08-12,10.25,10.14,10.35,10.14,71398.0
2024-08-13,10.14,10.07,10.2,10.02,67977.0
2024-08-14,10.03,10.22,10.34,9.98,89316.0
2024-08-15,10.2,10.32,10.34,10.12,78752.0
2024-08-16,10.33,10.03,10.35,10.0,93942.0
2024-08-19,10.09,10.25,10.28,9.95,71118.0
2024-08-20,10.22,9.98,10.24,9.81,132610.0
2024-08-21,9.98,9.69,10.03,9.67,141341.0
2024-08-22,9.69,9.8,9.82,9.62,80182.0
2024-08-23,10.11,9.96,10.17,9.82,181423.0
2024-08-26,10.03,9.94,10.09,9.87,107755.0
2024-08-27,9.99,9.96,10.08,9.9,109886.0
2024-08-28,9.99,10.11,10.32,9.92,143699.0
2024-08-29,10.11,9.99,10.14,9.93,90371.0
2024-08-30,9.98,9.92,10.04,9.82,154683.0
2024-09-02,9.82,10.11,10.21,9.8,168692.0
2024-09-03,10.1,9.88,10.22,9.79,143740.0
2024-09-04,9.88,9.84,9.96,9.74,92977.0
2024-09-05,9.8,9.75,9.88,9.7,79225.0
2024-09-06,9.75,9.65,9.79,9.63,77528.0
2024-09-09,9.6,9.39,9.66,9.33,151195.0
2024-09-10,9.34,9.26,9.46,9.09,151533.0
2024-09-11,9.26,8.95,9.26,8.89,185257.0
2024-09-12,8.97,9.11,9.18,8.9,116998.0
2024-09-13,9.13,8.97,9.19,8.95,126975.0
2024-09-18,8.97,9.25,9.26,8.92,130731.0
2024-09-19,9.25,9.13,9.25,9.01,127732.0
2024-09-20,9.14,9.05,9.19,9.0,80442.0
2024-09-23,9.03,9.09,9.18,8.97,119227.0
2024-09-24,9.11,9.46,9.51,9.01,211982.0
2024-09-25,9.46,9.39,9.7,9.35,202712.0
2024-09-26,9.36,9.44,9.45,9.19,239828.0
2024-09-27,9.54,9.74,9.76,9.35,219232.0
2024-09-30,9.96,10.38,10.51,9.66,718874.0
2024-10-08,11.35,10.71,11.35,10.03,846072.0
2024-10-09,10.43,9.82,10.45,9.81,565260.0
2024-10-10,9.82,9.94,10.3,9.82,435519.0
2024-10-11,9.94,9.82,10.16,9.77,348369.0
2024-10-14,9.88,9.85,9.96,9.74,330801.0
2024-10-15,9.83,9.41,9.83,9.39,274758.0
2024-10-16,9.31,9.5,9.62,9.31,210858.0
2024-10-17,9.53,9.31,9.58,9.31,196063.0
2024-10-18,9.31,9.43,9.59,9.21,280507.0
2024-10-21,9.44,9.29,9.51,9.26,371645.0
2024-10-22,9.27,9.49,9.54,9.25,330112.0
2024-10-23,9.51,10.0,10.08,9.49,559952.0
2024-10-24,10.0,9.81,10.0,9.75,221094.0
2024-10-25,9.83,9.68,9.9,9.63,290239.0
2024-10-28,9.67,9.81,9.82,9.38,271402.0
2024-10-29,9.79,9.58,9.82,9.55,179712.0
2024-10-30,9.55,9.35,9.6,9.29,260502.0
2024-10-31,9.36,9.39,9.45,9.3,171655.0
2024-11-01,9.4,9.36,9.45,9.26,214708.0
2024-11-04,9.35,9.5,9.5,9.33,179137.0
2024-11-05,9.49,9.65,9.68,9.46,258752.0
2024-11-06,9.66,9.54,9.75,9.52,241879.0
2024-11-07,9.55,9.75,9.76,9.5,321902.0
2024-11-08,9.78,9.64,9.89,9.61,295996.0
2024-11-11,9.65,9.7,9.79,9.6,241630.0
2024-11-12,9.7,9.69,9.81,9.63,277229.0
2024-11-13,9.67,9.79,9.83,9.6,233209.0
2024-11-14,9.82,9.58,10.03,9.55,322813.0
2024-11-15,9.55,9.56,9.74,9.47,238296.0
2024-11-18,9.65,9.96,10.18,9.62,718266.0
2024-11-19,9.92,10.25,10.27,9.82,531088.0
2024-11-20,10.18,10.22,10.33,10.1,342310.0
2024-11-21,10.21,10.0,10.23,9.94,267239.0
2024-11-22,9.98,9.57,10.09,9.56,264554.0
2024-11-25,9.57,9.57,9.86,9.47,266460.0
2024-11-26,9.51,9.4,9.57,9.39,187393.0
2024-11-27,9.4,9.54,9.55,9.28,200197.0
2024-11-28,9.53,9.41,9.55,9.4,186558.0
2024-11-29,9.39,9.46,9.53,9.38,167604.0
2024-12-02,9.47,9.44,9.49,9.35,243076.0
2024-12-03,9.43,9.66,9.67,9.4,376167.0
2024-12-04,9.59,9.84,10.05,9.55,521241.0
2024-12-05,9.84,9.78,9.9,9.72,197590.0
2024-12-06,9.76,9.85,9.9,9.76,179375.0
2024-12-09,9.87,9.95,9.97,9.8,194237.0
2024-12-10,10.02,9.77,10.08,9.75,269411.0
2024-12-11,9.75,9.8,9.82,9.71,127791.0
2024-12-12,9.79,10.08,10.14,9.75,417589.0
2024-12-13,10.04,10.06,10.38,9.93,309871.0
2024-12-16,9.98,10.0,10.2,9.88,230597.0
2024-12-17,9.98,10.01,10.13,9.93,178500.0
2024-12-18,10.03,10.19,10.4,10.03,294412.0
2024-12-19,10.16,10.12,10.16,9.92,174775.0
2024-12-20,10.1,10.01,10.2,9.97,194298.0
2024-12-23,10.02,10.25,10.39,10.02,307459.0
2024-12-24,10.24,10.28,10.38,10.13,192762.0
2024-12-25,10.28,10.14,10.33,10.07,127649.0
2024-12-26,10.11,9.92,10.15,9.88,199673.0
2024-12-27,9.93,10.05,10.09,9.88,177177.0
2024-12-30,10.02,9.97,10.1,9.91,128103.0
2024-12-31,9.95,9.97,10.13,9.92,158439.0
2025-01-02,9.95,9.59,10.01,9.56,174932.0
2025-01-03,9.6,9.52,9.74,9.47,140572.0
2025-01-06,9.51,9.42,9.55,9.31,137152.0
2025-01-07,9.41,9.34,9.45,9.26,128803.0
2025-01-08,9.3,9.36,9.49,9.23,160880.0
2025-01-09,9.32,9.1,9.32,9.08,206985.0
2025-01-10,9.14,9.03,9.14,9.0,131509.0
2025-01-13,9.01,9.11,9.13,8.99,102294.0
2025-01-14,9.13,9.27,9.28,9.11,119135.0
2025-01-15,9.26,9.29,9.41,9.2,130483.0
2025-01-16,9.3,9.25,9.4,9.2,96988.0
2025-01-17,9.23,9.19,9.25,9.13,111650.0
2025-01-20,9.23,9.31,9.34,9.16,145458.0
2025-01-21,9.4,9.19,9.42,9.13,137964.0
2025-01-22,9.17,9.19,9.23,9.1,70137.0
2025-01-23,9.23,9.13,9.33,9.11,117000.0
2025-01-24,9.15,9.1,9.16,9.08,134307.0
2025-01-27,9.11,9.18,9.24,9.11,116505.0
2025-02-05,9.24,9.13,9.25,9.08,117135.0
2025-02-06,9.13,9.14,9.16,9.04,137174.0
2025-02-07,9.13,9.18,9.22,9.11,157209.0
2025-02-10,9.21,9.18,9.23,9.15,116776.0
2025-02-11,9.18,9.14,9.24,9.11,116090.0
2025-02-12,9.14,9.17,9.17,9.12,86212.0
2025-02-13,9.16,9.13,9.23,9.12,115968.0
2025-02-14,9.14,9.17,9.18,9.1,103864.0
2025-02-17,9.16,9.14,9.17,9.11,126678.0
2025-02-18,9.13,9.39,9.48,9.11,351785.0
2025-02-19,9.39,9.26,9.41,9.22,171830.0
2025-02-20,9.26,9.3,9.31,9.2,116521.0
2025-02-21,9.27,9.24,9.31,9.2,112430.0
2025-02-24,9.25,9.22,9.3,9.19,132379.0
2025-02-25,9.18,9.09,9.21,9.08,157189.0
2025-02-26,9.11,9.2,9.28,9.11,132759.0
2025-02-27,9.18,9.15,9.2,9.1,109201.0
2025-02-28,9.15,9.05,9.16,9.03,146098.0
2025-03-03,9.08,9.01,9.08,8.99,142826.0
2025-03-04,9.0,9.01,9.02,8.97,81793.0
2025-03-05,9.0,8.98,9.03,8.92,79399.0
2025-03-06,9.01,8.88,9.02,8.86,413684.0
2025-03-07,8.89,8.87,8.9,8.83,139892.0
2025-03-10,8.86,8.87,8.88,8.84,82277.0
2025-03-11,8.85,8.87,8.88,8.81,137042.0
2025-03-12,8.88,8.93,8.95,8.84,180527.0
2025-03-13,8.91,9.02,9.03,8.91,178158.0
2025-03-14,9.1,9.15,9.17,9.07,261068.0
2025-03-17,9.17,9.17,9.22,9.14,177819.0
2025-03-18,9.17,9.13,9.18,9.1,168595.0
2025-03-19,9.13,9.15,9.2,9.09,154897.0
2025-03-20,9.15,9.16,9.2,9.13,116437.0
2025-03-21,9.13,9.17,9.22,9.13,170564.0
2025-03-24,9.17,9.24,9.26,9.16,182431.0
2025-03-25,9.24,9.37,9.37,9.18,230742.0
2025-03-26,9.36,9.3,9.38,9.25,160942.0
2025-03-27,9.3,9.17,9.33,9.16,137695.0
2025-03-28,9.2,9.22,9.25,9.14,106057.0
2025-03-31,9.22,9.22,9.33,9.2,113690.0
2025-04-01,9.2,9.37,9.37,9.19,176706.0
2025-04-02,9.38,9.28,9.38,9.26,123116.0
2025-04-03,9.27,9.5,9.53,9.25,302851.0
2025-04-07,9.13,9.1,9.29,8.78,396162.0
2025-04-08,9.09,9.23,9.28,9.05,229933.0
2025-04-09,9.2,9.38,9.43,9.02,338378.0
2025-04-10,9.68,9.6,9.71,9.46,287573.0
2025-04-11,9.55,9.47,9.57,9.38,181772.0
2025-04-14,9.5,9.63,9.65,9.42,180599.0
2025-04-15,9.65,9.71,9.72,9.51,171851.0
2025-04-16,9.66,9.74,9.82,9.62,182648.0
2025-04-17,9.71,9.61,9.74,9.59,124815.0
2025-04-18,9.59,9.69,9.71,9.53,95486.0
2025-04-21,9.7,9.61,9.73,9.61,94800.0
2025-04-22,9.6,9.61,9.74,9.57,100090.0
2025-04-23,9.63,9.69,9.75,9.52,148815.0
2025-04-24,9.66,9.8,9.88,9.66,168170.0
2025-04-25,9.85,9.78,9.87,9.71,178036.0
2025-04-28,9.84,9.96,10.07,9.83,360441.0
2025-04-29,9.89,9.74,9.96,9.66,278122.0
2025-04-30,9.73,9.58,9.75,9.57,148762.0
2025-05-06,9.58,9.7,9.74,9.49,259100.0
2025-05-07,9.74,9.69,9.78,9.65,131932.0
2025-05-08,9.69,9.61,9.69,9.6,147923.0
2025-05-09,9.61,9.75,9.86,9.57,246127.0
2025-05-12,9.75,9.67,9.77,9.6,141230.0
2025-05-13,9.66,9.68,9.68,9.59,113111.0
2025-05-14,9.66,9.72,9.73,9.59,124394.0
2025-05-15,9.69,9.78,9.82,9.68,115370.0
2025-05-16,9.77,9.71,9.82,9.68,75119.0
2025-05-19,9.68,9.71,9.77,9.66,63572.0
2025-05-20,9.69,9.73,9.75,9.66,125804.0
2025-05-21,9.74,9.76,9.87,9.72,148882.0
2025-05-22,9.77,9.63,9.79,9.6,132069.0
2025-05-23,9.64,9.55,9.67,9.55,100722.0
2025-05-26,9.55,9.62,9.64,9.54,78722.0
2025-05-27,9.64,9.78,9.8,9.6,126876.0
2025-05-28,9.79,9.81,9.83,9.71,95897.0
2025-05-29,9.83,9.78,9.87,9.75,88726.0
2025-05-30,9.78,9.81,9.87,9.75,105413.0
2025-06-03,9.8,9.71,9.82,9.65,143953.0
2025-06-04,9.71,9.68,9.74,9.67,84077.0
2025-06-05,9.7,9.62,9.74,9.59,119499.0
2025-06-06,9.63,9.63,9.69,9.6,95750.0
2025-06-09,9.64,9.61,9.66,9.6,98721.0
2025-06-10,9.62,9.68,9.72,9.61,111185.0
2025-06-11,9.68,9.65,9.72,9.63,72748.0
2025-06-12,9.65,9.63,9.67,9.6,74521.0
2025-06-13,9.64,9.83,9.9,9.63,238022.0
2025-06-16,9.84,9.85,9.87,9.7,142549.0
2025-06-17,9.85,9.9,9.92,9.78,110449.0
2025-06-18,9.91,9.79,9.99,9.77,137857.0
2025-06-19,9.77,9.69,9.8,9.66,99592.0
2025-06-20,9.67,9.63,9.73,9.63,102813.0
2025-06-23,9.66,9.53,9.68,9.51,148943.0
2025-06-24,9.55,9.59,9.61,9.54,100796.0
2025-06-25,9.61,9.65,9.68,9.55,124726.0
2025-06-26,9.68,9.72,9.9,9.68,220726.0
2025-06-27,9.72,9.66,9.79,9.66,125491.0
2025-06-30,9.67,9.64,9.69,9.61,124717.0
2025-07-01,9.66,9.79,9.84,9.65,184175.0
2025-07-02,9.82,9.81,9.85,9.77,117140.0
2025-07-03,9.81,9.77,9.81,9.71,115818.0
2025-07-04,9.79,9.83,9.88,9.78,118596.0
2025-07-07,9.93,10.0,10.02,9.86,214055.0
2025-07-08,10.07,9.99,10.09,9.9,182623.0
2025-07-09,9.98,9.9,10.04,9.89,174011.0
2025-07-10,9.9,9.9,9.95,9.87,126204.0
2025-07-11,9.61,9.5,9.62,9.49,227466.0
2025-07-14,9.51,9.62,9.66,9.51,158525.0
2025-07-15,9.65,9.48,9.65,9.46,163048.0
2025-07-16,9.49,9.48,9.52,9.43,107523.0
2025-07-17,9.48,9.4,9.5,9.37,186405.0
2025-07-18,9.42,9.49,9.49,9.37,138688.0
2025-07-21,9.5,9.58,9.61,9.49,199598.0
2025-07-22,9.59,9.62,9.63,9.51,268065.0
2025-07-23,9.63,9.57,9.65,9.55,188465.0
2025-07-24,9.58,9.59,9.6,9.49,182895.0
2025-07-25,9.6,9.56,9.65,9.53,193441.0
2025-07-28,9.54,9.51,9.61,9.47,217869.0
2025-07-29,9.53,9.47,9.54,9.44,162916.0
2025-07-30,9.49,9.54,9.62,9.47,257000.0
2025-07-31,9.53,9.45,9.56,9.42,211622.0
2025-08-01,9.47,9.45,9.52,9.43,147635.0
2025-08-04,9.46,9.56,9.57,9.44,195668.0
2025-08-05,9.56,9.57,9.57,9.52,105913.0
2025-08-06,9.56,9.59,9.6,9.55,118873.0
2025-08-07,9.61,9.64,9.66,9.56,151893.0
2025-08-08,9.67,9.9,10.05,9.63,503377.0
2025-08-11,9.9,9.78,9.92,9.7,249044.0
2025-08-12,9.78,9.74,9.79,9.73,142097.0
2025-08-13,9.74,9.73,9.78,9.71,146979.0
2025-08-14,9.73,9.68,9.79,9.64,195400.0
2025-08-15,9.67,9.71,9.78,9.62,191990.0
2025-08-18,9.72,9.69,9.78,9.66,190590.0
2025-08-19,9.7,9.67,9.75,9.66,132927.0
2025-08-20,9.66,9.71,9.71,9.63,145875.0
2025-08-21,9.72,9.78,9.79,9.7,181333.0
2025-08-22,9.78,9.71,9.8,9.64,217671.0
2025-08-25,9.74,9.79,9.8,9.73,280787.0
2025-08-26,9.79,9.84,9.87,9.76,167672.0
2025-08-27,9.83,9.68,9.92,9.68,229317.0
2025-08-28,9.7,9.69,9.72,9.56,210976.0
2025-08-29,9.69,9.67,9.85,9.65,180037.0
2025-09-01,9.67,9.6,9.7,9.58,239304.0
2025-09-02,9.61,9.6,9.66,9.57,169994.0
2025-09-03,9.62,9.51,9.64,9.51,142752.0
2025-09-04,9.47,9.49,9.5,9.37,140013.0
2025-09-05,9.49,9.55,9.58,9.46,146058.0
2025-09-08,9.55,9.65,9.68,9.54,152423.0
2025-09-09,9.64,9.75,9.77,9.62,191275.0
2025-09-10,9.77,9.88,9.94,9.7,271347.0
2025-09-11,9.88,9.85,9.98,9.8,189151.0
2025-09-12,9.89,9.88,9.92,9.85,139600.0
2025-09-15,9.9,9.76,9.91,9.76,125630.0
2025-09-16,9.79,9.7,9.8,9.64,138941.0
2025-09-17,9.7,9.69,9.78,9.67,119818.0
2025-09-18,9.75,9.67,9.75,9.63,165272.0
2025-09-19,9.67,9.74,9.77,9.6,145956.0
2025-09-22,9.74,9.63,9.76,9.61,126105.0
2025-09-23,9.63,9.69,9.71,9.54,184725.0
2025-09-24,9.68,9.75,9.75,9.6,151905.0
2025-09-25,9.73,9.67,9.74,9.6,123915.0
2025-09-26,9.67,9.71,9.74,9.62,192979.0
2025-09-29,9.72,9.87,9.88,9.67,245751.0
2025-09-30,9.87,9.83,9.92,9.79,135461.0
2025-10-09,10.1,10.23,10.25,10.05,604206.0
2025-10-10,10.23,10.18,10.24,10.13,577360.0
2025-10-13,9.6,9.7,9.79,9.58,591521.0
2025-10-14,9.72,9.87,9.88,9.65,481450.0
2025-10-15,9.8,9.94,9.96,9.75,384314.0
2025-10-16,9.91,9.98,10.03,9.87,258095.0
2025-10-17,9.98,9.8,10.02,9.78,207452.0
2025-10-20,9.9,9.73,9.9,9.68,250654.0
2025-10-21,9.72,9.83,9.84,9.7,170787.0
2025-10-22,9.81,9.79,9.91,9.75,173619.0
2025-10-23,9.79,10.0,10.0,9.76,232999.0
2025-10-24,9.94,9.86,9.94,9.81,184679.0
2025-10-27,9.85,9.99,10.08,9.84,237195.0
2025-10-28,10.06,10.04,10.1,9.93,222419.0
2025-10-29,10.02,10.06,10.07,9.85,221108.0
2025-10-30,10.0,10.09,10.17,10.0,302279.0
2025-10-31,10.07,10.11,10.16,9.88,334814.0
2025-11-03,10.08,10.31,10.36,10.03,315106.0
2025-11-04,10.31,10.54,10.72,10.26,454975.0
2025-11-05,10.45,10.54,10.63,10.27,308745.0
2025-11-06,10.56,10.68,10.83,10.45,373902.0
2025-11-07,10.67,10.55,10.85,10.54,288879.0
2025-11-10,10.65,10.5,10.66,10.46,201246.0
2025-11-11,10.51,10.41,10.54,10.38,153326.0
2025-11-12,10.41,10.41,10.5,10.3,142744.0
2025-11-13,10.44,10.31,10.46,10.28,156657.0
2025-11-14,10.31,10.46,10.54,10.28,196102.0
2025-11-17,10.43,10.41,10.58,10.21,245307.0
2025-11-18,10.42,10.18,10.46,10.15,167323.0
2025-11-19,10.18,10.24,10.28,10.14,105884.0
2025-11-20,10.25,10.17,10.29,10.15,109065.0
2025-11-21,10.12,9.94,10.16,9.94,149950.0
2025-11-24,9.94,9.88,9.99,9.86,137409.0
2025-11-25,9.93,9.96,10.03,9.85,155085.0
2025-11-26,9.98,9.84,10.05,9.84,130816.0
2025-11-27,9.84,9.94,10.0,9.81,109911.0
2025-11-28,9.94,9.88,9.94,9.83,98484.0
2025-12-01,9.89,10.03,10.12,9.89,147760.0
2025-12-02,10.04,10.07,10.12,9.91,179163.0
2025-12-03,10.04,10.15,10.27,10.0,220055.0
2025-12-04,10.11,10.06,10.16,10.02,106439.0
2025-12-05,10.05,10.17,10.19,9.99,141375.0
2025-12-08,10.18,10.02,10.19,9.96,296844.0
2025-12-09,10.01,10.05,10.16,9.94,251705.0
2025-12-10,10.05,10.22,10.25,10.03,287014.0
2025-12-11,10.22,10.2,10.31,10.12,226938.0
2025-12-12,10.19,10.15,10.27,10.12,202900.0
2025-12-15,10.19,10.25,10.34,10.13,163577.0
2025-12-16,10.25,10.08,10.25,9.98,168518.0
2025-12-17,10.05,10.0,10.09,9.9,160180.0
2025-12-18,9.97,9.97,10.04,9.92,112212.0
2025-12-19,9.97,9.94,10.02,9.92,146636.0
2025-12-22,9.93,9.85,9.94,9.85,159021.0
2025-12-23,9.85,9.89,9.97,9.83,152699.0
2025-12-24,9.86,9.89,9.89,9.76,157742.0
2025-12-25,9.86,9.92,9.95,9.84,101608.0
2025-12-26,9.95,9.94,9.96,9.9,120806.0
2025-12-29,9.96,9.72,9.97,9.7,228009.0
2025-12-30,9.7,9.5,9.71,9.47,288652.0
2025-12-31,9.5,9.47,9.55,9.44,108857.0
2026-01-05,9.48,9.5,9.51,9.39,163518.0
2026-01-06,9.51,9.58,9.58,9.48,179352.0
2026-01-07,9.57,9.52,9.63,9.5,182608.0
2026-01-08,9.52,9.48,9.57,9.45,149040.0
2026-01-09,9.47,9.49,9.52,9.43,168963.0
2026-01-12,9.49,9.5,9.52,9.46,216424.0
2026-01-13,9.51,9.53,9.57,9.48,282131.0
2026-01-14,9.52,9.32,9.55,9.3,572688.0
2026-01-15,9.32,9.24,9.35,9.2,332380.0
2026-01-16,9.28,9.37,9.43,9.26,262803.0
2026-01-19,9.38,9.48,9.49,9.33,207117.0
2026-01-20,9.47,9.53,9.55,9.42,228509.0
2026-01-21,9.51,9.49,9.51,9.44,141032.0
2026-01-22,9.49,9.5,9.53,9.46,121546.0
2026-01-23,9.51,9.47,9.51,9.44,166442.0
2026-01-26,9.47,9.47,9.52,9.39,180812.0
2026-01-27,9.47,9.3,9.48,9.28,196933.0
2026-01-28,9.3,9.31,9.34,9.26,151164.0
2026-01-29,9.3,9.15,9.31,9.15,315541.0
2026-01-30,9.16,9.12,9.22,9.04,235612.0
2026-02-02,9.12,9.05,9.2,9.03,191161.0
2026-02-03,9.06,9.14,9.18,9.06,130151.0
2026-02-04,9.14,9.2,9.21,9.1,141894.0
2026-02-05,9.2,9.18,9.21,9.1,148533.0
2026-02-06,9.15,9.18,9.26,9.12,122155.0
2026-02-09,9.22,9.24,9.25,9.19,118881.0
2026-02-10,9.24,9.19,9.25,9.18,94568.0
2026-02-11,9.19,9.22,9.25,9.18,95582.0
2026-02-12,9.26,9.25,9.3,9.21,134588.0
2026-02-13,9.25,9.13,9.25,9.12,136500.0
2026-02-24,9.18,9.29,9.31,9.16,203160.0
2026-02-25,9.34,9.61,9.65,9.31,523908.0
2026-02-26,9.67,10.15,10.25,9.66,1042400.0
2026-02-27,10.15,10.35,10.41,10.05,753999.0
2026-03-02,10.21,10.23,10.4,10.16,462382.0
2026-03-03,10.23,10.11,10.36,10.05,352554.0
2026-03-04,10.04,10.15,10.23,9.96,356239.0
2026-03-05,10.21,10.2,10.29,10.13,339652.0
2026-03-06,10.16,10.44,10.47,10.14,318480.0
2026-03-09,10.53,10.35,10.63,10.33,373479.0
2026-03-10,10.39,10.41,10.47,10.18,309402.0
2026-03-11,10.41,10.81,10.87,10.21,434374.0
2026-03-12,10.8,11.04,11.11,10.75,432947.0
2026-03-13,11.09,11.04,11.23,10.86,516963.0
2026-03-16,11.01,10.7,11.08,10.66,327116.0
2026-03-17,10.7,10.6,10.77,10.54,226603.0
2026-03-18,10.63,10.61,10.77,10.47,252784.0
2026-03-19,10.56,10.45,10.76,10.37,274855.0
2026-03-20,10.44,10.45,10.7,10.35,248604.0
2026-03-23,10.37,10.12,10.46,10.05,325804.0
2026-03-24,10.24,10.65,10.74,10.14,430637.0
2026-03-25,10.7,11.17,11.3,10.6,610957.0
2026-03-26,11.11,10.97,11.22,10.94,400640.0
2026-03-27,10.91,10.85,10.97,10.71,292363.0
2026-03-30,10.8,10.42,10.8,10.38,374705.0
2026-03-31,10.42,10.4,10.58,10.31,261301.0
2026-04-01,10.4,10.63,10.8,10.4,352520.0
2026-04-02,10.56,10.31,10.58,10.21,249007.0
2026-04-03,10.38,10.22,10.39,10.13,177260.0
2026-04-07,10.19,10.2,10.3,10.09,224573.0
2026-04-08,10.35,10.48,10.48,10.24,283254.0
2026-04-09,10.42,10.23,10.63,10.2,237580.0
2026-04-10,10.28,10.34,10.41,10.14,223073.0
2026-04-13,10.38,10.06,10.45,10.03,303096.0
2026-04-14,10.05,10.06,10.17,10.01,205169.0
2026-04-15,10.06,9.95,10.1,9.86,239159.0
2026-04-16,9.99,10.05,10.12,9.9,193607.0
2026-04-17,10.06,10.22,10.26,10.05,234296.0
2026-04-20,10.25,10.25,10.38,10.18,226644.0
2026-04-21,10.26,10.36,10.52,10.21,252856.0
2026-04-22,10.33,10.29,10.43,10.28,160178.0
2026-04-23,10.1,10.0,10.1,9.62,593565.0
2026-04-24,10.0,9.86,10.1,9.83,380727.0
2026-04-27,9.83,9.89,9.99,9.69,188920.0
2026-04-28,9.86,9.75,9.9,9.51,329836.0
2026-04-29,9.73,9.86,9.96,9.72,275651.0
2026-04-30,9.87,10.01,10.05,9.75,234308.0
2026-05-06,10.09,10.11,10.37,10.02,273798.0
2026-05-07,10.14,10.12,10.22,9.98,239780.0
2026-05-08,10.09,10.12,10.28,10.05,340391.0
2026-05-11,10.09,10.19,10.33,10.06,363779.0
2026-05-12,10.21,10.31,10.39,10.15,297757.0
2026-05-13,10.31,10.41,10.5,10.3,333119.0
2026-05-14,10.47,10.49,10.93,10.37,481894.0
2026-05-15,10.47,10.6,10.69,10.27,395789.0
2026-05-18,10.59,10.85,10.94,10.52,385127.0
2026-05-19,10.82,11.22,11.35,10.7,540781.0
2026-05-20,11.16,10.75,11.39,10.7,538399.0
2026-05-21,10.64,10.54,10.95,10.51,370487.0
2026-05-22,10.55,10.75,10.78,10.4,279877.0
2026-05-25,10.7,11.09,11.12,10.7,288963.0
2026-05-26,10.98,11.05,11.19,10.82,382545.0
2026-05-27,11.02,11.0,11.25,10.92,443975.0
2026-05-28,11.11,10.97,11.26,10.87,391762.0
2026-05-29,10.95,11.49,11.6,10.86,581933.0
2026-06-01,11.5,11.56,11.65,11.14,554367.0
2026-06-02,11.31,11.38,11.41,11.11,403491.0
2026-06-03,11.27,11.68,11.73,11.22,453987.0
2026-06-04,11.51,11.92,12.05,11.43,577267.0
2026-06-05,11.85,11.58,12.07,11.46,526194.0
2026-06-08,11.23,11.81,11.82,11.23,396651.0
2026-06-09,11.71,12.05,12.07,11.51,451517.0
2026-06-10,11.93,11.85,12.14,11.57,407022.0
2026-06-11,11.76,11.71,11.79,11.43,314059.0
2026-06-12,11.7,11.61,11.71,11.37,395297.0
2026-06-15,11.52,11.6,11.7,11.3,395588.0
2026-06-16,11.62,11.65,11.83,11.46,400876.0
2026-06-17,11.65,11.6,11.7,11.45,292842.0
2026-06-18,11.56,11.16,11.67,11.03,450128.0
2026-06-22,11.16,11.43,11.43,11.03,304254.0
2026-06-23,11.35,11.98,12.5,11.35,559574.0
2026-06-24,11.96,11.54,12.03,11.51,411884.0
2026-06-25,11.49,10.93,11.5,10.8,373507.0
2026-06-26,10.98,10.55,11.08,10.5,346200.0
2026-06-29,10.51,10.43,10.55,10.03,334792.0
