date,open,close,high,low,volume,volume.1
2022-07-15,12.75391416089619,15.302581916100154,15.302581916100154,12.75391416089619,13231.0,13231.0
2022-07-18,16.836012723173077,16.836012723173077,16.836012723173077,16.836012723173077,2529.0,2529.0
2022-07-19,18.51749891851512,18.51749891851512,18.51749891851512,18.51749891851512,1790.0,1790.0
2022-07-20,20.36819127187899,20.36819127187899,20.36819127187899,20.36819127187899,2187.0,2187.0
2022-07-21,22.40924055301744,22.40924055301744,22.40924055301744,22.40924055301744,17207.0,17207.0
2022-07-22,24.651222146806813,24.651222146806813,24.651222146806813,24.651222146806813,27130.0,27130.0
2022-07-25,27.11528682299986,27.11528682299986,27.11528682299986,27.11528682299986,14513.0,14513.0
2022-07-26,29.822585351349296,29.822585351349296,29.822585351349296,29.822585351349296,5962.0,5962.0
2022-07-27,32.80484388648423,32.80484388648423,32.80484388648423,32.80484388648423,7191.0,7191.0
2022-07-28,36.083213198157374,36.083213198157374,36.083213198157374,36.083213198157374,50947.0,50947.0
2022-07-29,35.85055473087735,32.50873310994601,37.90217939689216,32.47700695531692,319506.0,319506.0
2022-08-01,31.726154629095,31.726154629095,34.19021930528804,31.17623461552402,173854.0,173854.0
2022-08-02,31.726154629095,30.2456007464039,32.582760804080564,29.198637643643764,167673.0,167673.0
2022-08-03,31.451194622309508,30.668616141458497,32.339526951924164,30.4571084439312,140978.0,140978.0
2022-08-04,29.96006535474204,30.256176131280263,30.562862292694845,28.55353916618549,126267.0,126267.0
2022-08-05,30.330203825414817,31.49349616181497,32.7836931167315,30.160997667392976,133194.0,133194.0
2022-08-08,30.97530230287308,31.57809924082589,33.02692696888789,30.97530230287308,114632.0,114632.0
2022-08-09,31.609825395454983,32.254923872913245,32.254923872913245,29.653379193327456,100215.0,100215.0
2022-08-10,31.55694847107316,32.04341617538595,32.44528080068782,31.00702845750218,92167.0,92167.0
2022-08-11,31.91651155686957,30.48883459856029,32.40297926118236,30.425382289302103,103741.0,103741.0
2022-08-12,29.73798227233837,29.801434581596567,30.478259213683927,29.177486873891034,75101.0,75101.0
2022-08-15,29.970640739618407,29.39956995629469,30.2456007464039,29.20921302852013,56732.0,56732.0
2022-08-16,29.029431485621924,30.086969973258423,30.351354595167543,27.390246829785347,131961.0,131961.0
2022-08-17,30.12927151276388,29.86488689085476,30.95415153312036,29.611077653822,94677.0,94677.0
2022-08-18,28.87080071247645,28.648717630072785,29.56877611431653,28.32088069890547,68468.0,68468.0
2022-08-19,28.574689935938228,28.65929301494915,29.39956995629469,28.109373001378167,67674.0,67674.0
2022-08-22,28.236277619894548,28.564114551061863,28.83907455784736,27.42197298441444,54424.0,54424.0
2022-08-23,28.55353916618549,28.236277619894548,28.87080071247645,28.21512685014181,40798.0,40798.0
2022-08-24,27.866139149221773,26.96723143473075,28.55353916618549,26.96723143473075,38589.0,38589.0
2022-08-25,27.0729852834944,26.57594219430524,27.2844929810217,26.0154467958579,33263.0,33263.0
2022-08-26,26.59709296405797,27.506576063425364,29.1880622587674,26.449037575788864,48204.0,48204.0
2022-08-29,26.77687450695618,29.20921302852013,30.256176131280263,26.77687450695618,135543.0,135543.0
2022-08-30,28.65929301494915,29.431296110923792,30.98587768774945,28.1305237711309,113855.0,113855.0
2022-08-31,29.01885610074556,29.801434581596567,30.901274608738525,29.01885610074556,107984.0,107984.0
2022-09-01,30.721493065840324,30.31962844053845,30.763794605345783,29.082308410003748,95762.0,95762.0
2022-09-02,29.71683150258565,29.11403456463285,30.097545358134788,28.19397608038909,92825.0,92825.0
2022-09-05,28.733320709083703,27.66520683657084,28.786197633465527,27.29506836589806,65305.0,65305.0
2022-09-06,27.66520683657084,27.19988990201077,27.897865303850867,26.81917604646164,47207.0,47207.0
2022-09-07,27.168163747381683,27.41139759953808,27.80268683996358,26.86147758596709,46033.0,46033.0
2022-09-08,27.231616056639872,25.76163755882514,27.59117914243628,25.5924314008033,84141.0,84141.0
2022-09-09,25.76163755882514,25.994296026105168,25.994296026105168,24.936757538468665,53403.0,53403.0
2022-09-13,25.72991140419604,26.523065269923418,26.91435451034892,25.5924314008033,56483.0,56483.0
2022-09-14,26.07889910511609,26.93550528010165,27.020108359112573,25.8039390983306,48251.0,48251.0
2022-09-15,26.88262835571983,24.693523686312275,26.88262835571983,24.545468298043165,61481.0,61481.0
2022-09-16,24.5348929131668,24.630071377054083,25.28574523938872,24.407988294650416,31922.0,31922.0
2022-09-19,24.38683752489769,24.661797531683177,25.380923703276,24.06957597860674,24516.0,24516.0
2022-09-20,25.21171754525416,24.61949599217772,25.57128063105057,24.545468298043165,21043.0,21043.0
2022-09-21,24.926182153592304,25.010785232603222,25.380923703276,24.482015988784973,27016.0,27016.0
2022-09-22,24.5348929131668,25.275169854512345,25.48667755203965,23.984972899595817,56111.0,56111.0
2022-09-23,24.852154459457747,22.74765286906112,24.89445599896321,22.74765286906112,61792.0,61792.0
2022-09-26,22.35636362863561,22.641899020297465,23.24469595825027,22.35636362863561,54963.0,54963.0
2022-09-27,22.948585181712048,24.323385215639497,24.587769837548624,22.57844671103928,72809.0,72809.0
2022-09-28,24.02727443910128,25.06366215698505,26.195228338756102,24.02727443910128,87847.0,87847.0
2022-09-29,25.67703447981422,24.883880614086845,26.152926799250643,24.852154459457747,50087.0,50087.0
2022-09-30,25.31747139401781,25.24344369988325,26.343283727025213,24.926182153592304,40197.0,40197.0
2022-10-10,25.24344369988325,26.195228338756102,26.279831417767024,24.55604368291953,53061.0,53061.0
2022-10-11,26.07889910511609,25.67703447981422,26.216379108508832,25.084812926737776,31783.0,31783.0
2022-10-12,25.78278832857787,25.11653908136688,25.88854217734152,24.344535985392227,28207.0,28207.0
2022-10-13,25.11653908136688,26.39616065140704,27.0729852834944,24.852154459457747,33000.0,33000.0
2022-10-14,26.004871410981533,26.76629912207981,27.34794529027989,25.82508986808333,28532.0,28532.0
2022-10-17,26.63939450356344,27.739234530705392,28.15167454088363,26.56536680942888,33191.0,33191.0
2022-10-18,27.82383760971631,26.96723143473075,27.84498837946904,26.75572373720345,17884.0,17884.0
2022-10-19,26.86147758596709,26.25868064801429,26.91435451034892,25.89911756221788,21365.0,21365.0
2022-10-20,26.12120064462155,26.4384621909125,26.96723143473075,25.95199448659971,16335.0,16335.0
2022-10-21,26.4384621909125,26.449037575788864,26.86147758596709,25.89911756221788,12844.0,12844.0
2022-10-24,25.941419101723344,25.423225242781456,26.4384621909125,25.222292930130525,15848.0,15848.0
2022-10-25,24.9579083082214,25.877966792465152,26.12120064462155,24.39741290977405,19652.0,19652.0
2022-10-26,25.86739140758879,25.96256987147608,26.96723143473075,25.78278832857787,12975.0,12975.0
2022-10-27,25.74048678907241,25.370348318399632,26.322132957272483,25.370348318399632,13608.0,13608.0
2022-10-28,25.380923703276,24.006123669348547,25.391499088152365,23.932095975214,18560.0,18560.0
2022-10-31,24.418563679526784,25.21171754525416,25.349197548646902,24.164754442494026,13481.0,13481.0
2022-11-01,25.21171754525416,27.0729852834944,27.47484990879627,25.07423754186141,30397.0,30397.0
2022-11-02,26.75572373720345,27.82383760971631,28.89195148222917,26.75572373720345,53776.0,53776.0
2022-11-03,27.45369913904354,27.41139759953808,28.04592069211997,27.13643759275259,21292.0,21292.0
2022-11-04,27.26334221126897,28.29972992915274,28.94482840661101,27.26334221126897,28210.0,28210.0
2022-11-07,28.01419453749088,28.310305314029105,28.83907455784736,27.76038530045812,22974.0,22974.0
2022-11-08,28.15167454088363,27.506576063425364,28.55353916618549,27.390246829785347,10100.0,10100.0
2022-11-09,27.496000678549,27.31621913565079,27.70750837607629,26.96723143473075,10227.0,10227.0
2022-11-10,27.27391759614533,27.062409898618032,27.41139759953808,26.77687450695618,10825.0,10825.0
2022-11-11,27.9190160736036,27.70750837607629,28.01419453749088,26.872052970843463,16773.0,16773.0
2022-11-14,27.84498837946904,27.64405606681811,28.53238839643277,27.30564375077443,18948.0,18948.0
2022-11-15,28.035345307243613,27.70750837607629,28.352606853534564,27.337369905403524,13743.0,13743.0
2022-11-16,27.70750837607629,29.219788413396493,29.37841918654197,27.51715144830173,34816.0,34816.0
2022-11-17,29.04000687049829,30.351354595167543,30.858973069233063,28.394908393040023,54248.0,54248.0
2022-11-18,30.351354595167543,29.801434581596567,31.36659154329859,29.52647457481108,28484.0,28484.0
2022-11-21,29.64280380845109,29.26208995290196,30.012942279123862,28.743896093960068,24689.0,24689.0
2022-11-22,29.26208995290196,28.29972992915274,29.494748420181985,28.11994838625453,11306.0,11306.0
2022-11-23,28.373757623287293,27.99304376773815,28.638142245196416,26.893203740596192,17824.0,17824.0
2022-11-24,28.01419453749088,28.976554561240096,29.06115764025101,27.496000678549,15702.0,15702.0
2022-11-25,28.89195148222917,28.55353916618549,29.69568073283292,28.15167454088363,15026.0,15026.0
2022-11-28,28.28915454427637,29.917763815236583,29.917763815236583,27.58060375755992,24740.0,24740.0
2022-11-29,29.515899189934714,31.36659154329859,31.5146469315677,29.515899189934714,35199.0,35199.0
2022-11-30,30.933000763367623,30.139846897640247,31.40889308280405,29.505323805058342,28443.0,28443.0
2022-12-01,31.726154629095,30.224449976651165,32.30780079729507,29.62165303869837,35426.0,35426.0
2022-12-02,29.970640739618407,30.44653305905484,30.97530230287308,29.78028381184384,14408.0,14408.0
2022-12-05,30.75321922046941,32.46643157044055,32.974050044506065,30.75321922046941,40267.0,40267.0
2022-12-06,32.45585618556419,31.905936171993204,34.4757546969499,31.55694847107316,45946.0,45946.0
2022-12-07,32.254923872913245,31.54637308619679,32.254923872913245,31.19738538527675,19702.0,19702.0
2022-12-08,31.34544077354586,31.9376623266223,32.39240387630599,31.09163153651309,22148.0,22148.0
2022-12-09,31.86363463248774,31.620400780331348,31.91651155686957,30.351354595167543,20433.0,20433.0
2022-12-12,31.46177000718588,30.99645307262581,31.87421001736411,30.8801238389858,11524.0,11524.0
2022-12-13,30.96472691799672,31.419468467680414,32.1491700241496,30.4571084439312,18292.0,18292.0
2022-12-14,31.00702845750218,31.40889308280405,32.09629309976778,30.700342296087594,17246.0,17246.0
2022-12-15,31.620400780331348,30.224449976651165,31.736730013971364,30.160997667392976,16550.0,16550.0
2022-12-16,30.37250536492028,30.41480690442574,30.668616141458497,29.801434581596567,11472.0,11472.0
2022-12-19,30.41480690442574,29.484173035305616,30.552286907818484,29.346693031912874,10695.0,10695.0
2022-12-20,29.60050226894564,28.913102251981908,29.60050226894564,28.53238839643277,8877.0,8877.0
2022-12-21,28.913102251981908,29.124609949509207,29.896613045483853,28.77562224858917,8625.0,8625.0
2022-12-22,29.47359765042925,28.817923788094625,29.88603766060749,28.55353916618549,8842.0,8842.0
2022-12-23,28.55353916618549,29.09288379488012,29.69568073283292,28.50066224180368,7665.0,7665.0
2022-12-26,29.706256117709284,30.605163832200308,31.35601615842222,29.20921302852013,18081.0,18081.0
2022-12-27,30.4571084439312,30.58401306244758,31.09163153651309,29.71683150258565,12896.0,12896.0
2022-12-28,30.700342296087594,29.69568073283292,30.700342296087594,29.515899189934714,8893.0,8893.0
2022-12-29,29.88603766060749,29.198637643643764,29.88603766060749,29.09288379488012,8941.0,8941.0
2022-12-30,29.589926884069268,29.96006535474204,30.330203825414817,28.46893608717458,15604.0,15604.0
2023-01-03,29.801434581596567,28.616991475443687,29.970640739618407,28.42663454766912,24266.0,24266.0
2023-01-04,28.437209932545485,28.786197633465527,28.94482840661101,27.70750837607629,15317.0,15317.0
2023-01-05,28.53238839643277,29.86488689085476,30.404231519549374,28.14109915600726,25990.0,25990.0
2023-01-06,29.854311505978394,30.160997667392976,30.383080749796644,29.293816107531047,15361.0,15361.0
2023-01-09,30.44653305905484,30.256176131280263,31.17623461552402,29.219788413396493,20720.0,20720.0
2023-01-10,30.2456007464039,31.47234539206224,32.44528080068782,29.79085919672021,24910.0,24910.0
2023-01-11,31.47234539206224,31.70500385934227,33.05865312351699,31.19738538527675,24069.0,24069.0
2023-01-12,31.789606938353188,31.21853615502948,32.02226540563322,31.14450846089492,10393.0,10393.0
2023-01-13,30.890699223862164,31.21853615502948,31.68385308958954,30.732068450716685,6594.0,6594.0
2023-01-16,31.09163153651309,30.31962844053845,31.927086941745934,30.277326901033,17686.0,17686.0
2023-01-17,30.2456007464039,29.52647457481108,30.44653305905484,28.99770533099283,19593.0,19593.0
2023-01-18,29.748557657214743,29.537049959687444,30.213874591774804,29.177486873891034,12711.0,12711.0
2023-01-19,29.39956995629469,29.28324072265469,29.71683150258565,29.1880622587674,9490.0,9490.0
2023-01-20,28.987129946116465,29.177486873891034,29.579351499192903,28.987129946116465,8258.0,8258.0
2023-01-30,29.505323805058342,29.336117647036502,30.0340930488766,28.902526867105543,14373.0,14373.0
2023-01-31,29.325542262160145,28.743896093960068,29.388994571418333,28.51123762668004,13530.0,13530.0
2023-02-01,28.743896093960068,28.7650468637128,28.913102251981908,28.50066224180368,13299.0,13299.0
2023-02-02,28.7650468637128,30.404231519549374,31.5146469315677,28.564114551061863,38587.0,38587.0
2023-02-03,30.182148437145703,29.79085919672021,30.351354595167543,29.293816107531047,19211.0,19211.0
2023-02-06,29.537049959687444,28.352606853534564,29.537049959687444,28.056496076996343,33036.0,33036.0
2023-02-07,28.352606853534564,28.21512685014181,28.479511472050945,27.98246838286179,12852.0,12852.0
2023-02-08,28.29972992915274,27.44312375416717,28.29972992915274,26.81917604646164,33247.0,33247.0
2023-02-09,27.12586220787622,28.38433300816365,28.50066224180368,27.0729852834944,32528.0,32528.0
2023-02-10,29.082308410003748,31.21853615502948,31.21853615502948,29.082308410003748,58846.0,58846.0
2023-02-13,31.67327770471317,32.952899274753335,33.39706543956066,30.404231519549374,85294.0,85294.0
2023-02-14,32.318376182171434,31.927086941745934,32.66736388309148,31.3031392340404,53439.0,53439.0
2023-02-15,31.97996386612776,31.588674625702254,32.07514233001504,31.5146469315677,21785.0,21785.0
2023-02-16,31.84248386273501,30.679191526334865,32.02226540563322,30.4571084439312,30874.0,30874.0
2023-02-17,30.679191526334865,30.4571084439312,31.4829207769386,30.435957674178468,26856.0,26856.0
2023-02-20,30.4571084439312,30.82724691460397,30.98587768774945,30.224449976651165,19462.0,19462.0
2023-02-21,30.520560753189383,30.700342296087594,31.038754612131275,30.256176131280263,16202.0,16202.0
2023-02-22,30.647465371705767,31.00702845750218,31.451194622309508,30.277326901033,22224.0,22224.0
2023-02-23,30.79552075997488,30.41480690442574,31.04932999700764,30.2456007464039,17008.0,17008.0
2023-02-24,30.383080749796644,30.700342296087594,31.081056151636734,29.928339200112948,20745.0,20745.0
2023-02-27,30.404231519549374,30.689766911211223,31.36659154329859,30.256176131280263,16496.0,16496.0
2023-02-28,30.668616141458497,31.3031392340404,31.36659154329859,30.160997667392976,25345.0,25345.0
2023-03-01,31.081056151636734,31.14450846089492,31.21853615502948,30.171573052269345,31537.0,31537.0
2023-03-02,31.13393307601856,30.573437677571214,31.13393307601856,29.90718843036022,34671.0,34671.0
2023-03-03,30.65804075658213,29.632228423574727,31.18681000040038,29.611077653822,26771.0,26771.0
2023-03-06,29.47359765042925,30.837822299480337,30.933000763367623,29.39956995629469,32552.0,32552.0
2023-03-07,30.774369990222148,29.843736121102022,31.53579770132043,29.663954578203825,29498.0,29498.0
2023-03-08,29.86488689085476,30.12927151276388,30.224449976651165,29.082308410003748,14107.0,14107.0
2023-03-09,30.139846897640247,29.44187149580016,30.28790228590936,29.39956995629469,10327.0,10327.0
2023-03-10,29.589926884069268,28.225702235018183,29.589926884069268,28.18340069551272,24466.0,24466.0
2023-03-13,28.225702235018183,28.93425302173464,29.071733025127383,28.077646846749072,19218.0,19218.0
2023-03-14,28.955403791487367,27.739234530705392,29.240939183149223,27.66520683657084,28183.0,28183.0
2023-03-15,27.9190160736036,27.390246829785347,28.33145608378184,27.24219144151624,18492.0,18492.0
2023-03-16,27.36909606003261,27.13643759275259,27.496000678549,26.75572373720345,23024.0,23024.0
2023-03-17,27.13643759275259,26.322132957272483,27.4642745239199,26.195228338756102,24342.0,24342.0
2023-03-20,26.491339115294323,25.8039390983306,26.491339115294323,25.380923703276,22424.0,22424.0
2023-03-21,25.95199448659971,26.42788680603613,26.523065269923418,25.67703447981422,16110.0,16110.0
2023-03-22,26.6499698884398,26.59709296405797,26.94608066497802,26.512489885047053,11776.0,11776.0
2023-03-23,26.59709296405797,26.4384621909125,26.59709296405797,25.89911756221788,15143.0,15143.0
2023-03-24,26.152926799250643,25.93084371684698,27.020108359112573,25.72991140419604,22609.0,22609.0
2023-03-27,25.90969294709425,26.174077569003373,26.20580372363247,25.88854217734152,10406.0,10406.0
2023-03-28,26.25868064801429,26.07889910511609,26.41731142115977,25.93084371684698,9813.0,9813.0
2023-03-29,26.07889910511609,25.92026833197061,26.2269544933852,25.71933601931968,7599.0,7599.0
2023-03-30,26.0154467958579,26.42788680603613,26.554791424552512,25.772212943701504,12812.0,12812.0
2023-03-31,26.62881911868707,27.10471143812349,27.68635760632357,26.322132957272483,28243.0,28243.0
2023-04-03,27.12586220787622,26.364434496777942,27.12586220787622,26.12120064462155,41128.0,41128.0
2023-04-04,26.332708342148848,25.93084371684698,26.332708342148848,25.72991140419604,24664.0,24664.0
2023-04-06,25.92026833197061,25.423225242781456,26.047172950486992,25.29632062426508,13425.0,13425.0
2023-04-07,25.380923703276,25.687609864690582,25.89911756221788,25.328046778894173,16135.0,16135.0
2023-04-10,25.603006785679664,25.539554476421472,25.856816022712422,25.222292930130525,17562.0,17562.0
2023-04-11,25.90969294709425,26.279831417767024,27.10471143812349,25.5924314008033,31962.0,31962.0
2023-04-12,26.279831417767024,26.343283727025213,26.88262835571983,26.26925603289066,19289.0,19289.0
2023-04-13,26.35385911190158,26.4384621909125,27.0729852834944,26.2269544933852,25783.0,25783.0
2023-04-14,26.4384621909125,26.24810526313793,26.840326816214368,26.24810526313793,14815.0,14815.0
2023-04-17,26.26925603289066,26.90377912547256,27.15758836250532,26.23752987826156,26455.0,26455.0
2023-04-18,26.702846812821623,27.390246829785347,27.76038530045812,26.4701883455416,23352.0,23352.0
2023-04-19,27.527726833178093,27.020108359112573,27.527726833178093,26.88262835571983,14033.0,14033.0
2023-04-20,27.020108359112573,26.4067360362834,27.189314517134413,26.26925603289066,12501.0,12501.0
2023-04-21,26.37500988165431,25.708760634443312,27.189314517134413,25.5924314008033,19445.0,19445.0
2023-04-24,25.65588371006149,24.640646761930448,26.06832372023972,24.56661906779589,18323.0,18323.0
2023-04-25,24.73582522581773,24.72524984094137,25.095388311614144,24.471440603908608,13588.0,13588.0
2023-04-26,25.021360617479587,25.04251138723232,25.084812926737776,24.524317528290435,8947.0,8947.0
2023-04-27,25.021360617479587,25.24344369988325,25.476102167163283,24.746400610694096,9381.0,9381.0
2023-04-28,25.07423754186141,25.90969294709425,25.96256987147608,25.06366215698505,12080.0,12080.0
2023-05-04,26.152926799250643,26.60766834893434,27.231616056639872,25.78278832857787,27289.0,27289.0
2023-05-05,26.79802527670891,25.391499088152365,26.79802527670891,25.190566775501427,18977.0,18977.0
2023-05-08,25.41264985790509,24.43971444927952,25.6241575554324,24.164754442494026,21949.0,21949.0
2023-05-09,24.28108367613404,24.05900059373037,24.513742143414067,23.794615971821248,16014.0,16014.0
2023-05-10,24.19648059712312,24.714674456065005,24.72524984094137,23.88979443570853,15660.0,15660.0
2023-05-11,24.5348929131668,23.92152059033763,24.831003689705017,23.85806828107944,16845.0,16845.0
2023-05-12,23.847492896203075,23.58310827429395,24.143603672741293,23.58310827429395,9740.0,9740.0
2023-05-15,23.39275134651938,23.39275134651938,23.635985198675776,22.990886721217507,19235.0,19235.0
2023-05-16,23.39275134651938,23.42447750114848,23.58310827429395,22.980311336341146,15002.0,15002.0
2023-05-17,23.265846728003,23.0543390304757,23.456203655777568,22.91685902708296,13470.0,13470.0
2023-05-18,23.001462106093875,22.948585181712048,23.286997497755728,22.800529793442937,11625.0,11625.0
2023-05-19,22.948585181712048,23.42447750114848,23.43505288602484,22.54672055641018,17035.0,17035.0
2023-05-22,23.42447750114848,24.09072674835947,24.19648059712312,23.21296980362117,18033.0,18033.0
2023-05-23,24.10130213323584,23.37160057676665,24.207055981999485,23.37160057676665,15850.0,15850.0
2023-05-24,23.456203655777568,23.07548980022843,23.456203655777568,23.03318826072297,10594.0,10594.0
2023-05-25,23.265846728003,23.0860651851048,23.286997497755728,22.8428313329484,10551.0,10551.0
2023-05-26,23.170668264115715,22.969735951464777,23.318723652384826,22.789954408566576,8310.0,8310.0
2023-05-29,22.86398210270113,22.73707748418475,23.117791339733888,22.599597480792006,8418.0,8418.0
2023-05-30,22.8428313329484,22.51499440178108,22.8428313329484,22.02852669746829,10022.0,10022.0
2023-05-31,22.430391322770163,22.16600670086104,22.50441901690472,22.03910208234466,10300.0,10300.0
2023-06-01,22.19773285549013,22.31406208913015,22.620748250544736,22.102554391602848,11039.0,11039.0
2023-06-02,22.31406208913015,22.71592671443202,22.959160566588416,22.16600670086104,12215.0,12215.0
2023-06-05,22.779379023690208,22.811105178319306,22.8428313329484,22.462117477399257,10480.0,10480.0
2023-06-06,22.74765286906112,22.430391322770163,22.948585181712048,22.39866516814107,9631.0,9631.0
2023-06-07,22.49384363202835,22.271760549624688,22.631323635421097,22.134280546231945,7955.0,7955.0
2023-06-08,22.48326824715199,22.049677467221024,22.49384363202835,22.049677467221024,7282.0,7282.0
2023-06-09,22.18715747061377,22.74765286906112,22.821680563195667,21.7852928453119,13756.0,13756.0
2023-06-12,22.811105178319306,23.265846728003,23.58310827429395,22.303486704253785,19198.0,19198.0
2023-06-13,23.138942109486617,22.75822825393748,23.37160057676665,22.73707748418475,10677.0,10677.0
2023-06-14,22.73707748418475,23.318723652384826,23.572532889417584,22.620748250544736,16577.0,16577.0
2023-06-15,23.318723652384826,23.339874422137555,23.530231349912125,23.107215954857526,11139.0,11139.0
2023-06-16,23.339874422137555,23.04376364559933,23.466779040653936,22.821680563195667,11445.0,11445.0
2023-06-19,23.20239441874481,22.74765286906112,23.265846728003,22.58902209591564,10853.0,10853.0
2023-06-20,21.95726874699118,21.576566336663777,21.99842576432388,21.535409319331087,7541.0,7541.0
2023-06-21,21.58685559099695,21.41193826733301,21.91611172965849,21.319334978334453,10261.0,10261.0
2023-06-26,21.40164901299984,20.76371524434311,21.40164901299984,20.70197971834408,9049.0,9049.0
2023-06-27,20.73284748134359,20.835740024675324,20.948921822340225,20.578508666346,7386.0,7386.0
2023-06-28,20.866607787674845,21.802929931993585,21.99842576432388,20.588797920679173,20953.0,20953.0
2023-06-29,21.63830186266281,21.576566336663777,21.85437620365945,21.257599452335416,13507.0,13507.0
2023-06-30,21.43251677599936,21.8749547123258,22.049872035989736,21.43251677599936,15379.0,15379.0
2023-07-03,22.019004272990216,22.0292935273234,22.091029053322423,21.68974813432868,12806.0,12806.0
2023-07-04,22.0292935273234,21.97784725565753,22.214500105320504,21.772062168994065,10190.0,10190.0
2023-07-05,21.97784725565753,21.47367379333205,21.97784725565753,21.41193826733301,7665.0,7665.0
2023-07-06,21.41193826733301,21.298756469668103,21.679458879995508,21.26788870666859,6332.0,6332.0
2023-07-07,21.350202741333973,21.20615318066955,21.44280603033253,21.082682128671472,5177.0,5177.0
2023-07-10,21.44280603033253,20.36243432534937,21.47367379333205,20.33156656234985,24515.0,24515.0
2023-07-11,20.36243432534937,20.784293753009457,20.815161516008978,20.187517001685425,12376.0,12376.0
2023-07-12,21.37078125000032,20.26983103635081,21.40164901299984,20.20809551035177,27136.0,27136.0
2023-07-13,20.280120290683985,20.506483886013783,20.918054059340704,20.064045949687348,31410.0,31410.0
2023-07-14,20.465326868681096,20.10520296702004,20.578508666346,20.05375669535417,23182.0,23182.0
2023-07-17,19.837682354357543,20.527062394680133,20.527062394680133,19.837682354357543,50527.0,50527.0
2023-07-18,20.527062394680133,19.65247577636043,20.537351649013303,19.59074025036139,40959.0,40959.0
2023-07-19,19.59074025036139,19.49813696136283,19.673054285026776,18.983674244704183,36718.0,36718.0
2023-07-20,19.42611218103062,19.374665909364754,19.683343539359942,19.32321963769889,26987.0,26987.0
2023-07-21,19.364376655031585,19.72450055669264,20.41388059701523,19.25119485736668,40989.0,40989.0
2023-07-24,19.75536831969216,19.32321963769889,19.85826086302389,19.302641129032548,32866.0,32866.0
2023-07-25,19.467269198363315,19.60102950469457,19.90970713468976,19.467269198363315,31776.0,31776.0
2023-07-26,19.63189726769408,19.611318759027736,19.78623608269168,19.395244418031105,14528.0,14528.0
2023-07-27,19.745079065358983,19.5495832330287,19.806814591358023,19.51871547002918,16966.0,16966.0
2023-07-28,19.60102950469457,19.765657574025333,19.889128626023407,19.364376655031585,31190.0,31190.0
2023-07-31,20.11549222135321,20.44474836001475,20.629954938011863,19.97144266068879,64161.0,64161.0
2023-08-01,20.228674019018115,20.774004498676288,21.257599452335416,20.11549222135321,94690.0,94690.0
2023-08-02,20.629954938011863,20.496194631680616,20.835740024675324,20.16693849301908,48174.0,48174.0
2023-08-03,20.485905377347443,20.65053344667821,21.09297138300465,20.26983103635081,62275.0,62275.0
2023-08-04,20.712268972677247,20.599087175012343,21.144417654670512,20.352145071016192,59311.0,59311.0
2023-08-07,20.485905377347443,20.90776480500753,21.19586392633638,20.475616123014262,52900.0,52900.0
2023-08-08,20.90776480500753,20.92834331367388,21.00036809400609,20.60937642934552,26052.0,26052.0
2023-08-09,20.856318533341668,20.54764090334648,20.9592110766734,20.516773140346963,22020.0,22020.0
2023-08-10,20.485905377347443,20.64024419234504,20.76371524434311,20.37272357968254,24525.0,24525.0
2023-08-11,20.887186296341188,19.87883937169024,20.887186296341188,19.84797160869072,33548.0,33548.0
2023-08-14,19.734789811025813,19.333508892032064,19.84797160869072,19.10714529670226,28248.0,28248.0
2023-08-15,19.333508892032064,18.860203192706106,19.41582292669745,18.716153632041685,20538.0,20538.0
2023-08-16,18.849913938372936,18.849913938372936,19.0556990250364,18.736732140708032,13490.0,13490.0
2023-08-17,18.716153632041685,19.13801305970178,19.17917007703447,18.46921152804553,19222.0,19222.0
2023-08-18,18.911649464371973,18.72644288637486,19.230616348700337,18.716153632041685,12376.0,12376.0
2023-08-21,18.6338395973763,19.03512051637005,19.714211302359463,18.59268258004361,26433.0,26433.0
2023-08-22,19.158591568368124,19.18945933136764,19.50842621569601,18.69557512337534,32896.0,32896.0
2023-08-23,19.0556990250364,18.53094705404457,19.13801305970178,18.5206577997114,17837.0,17837.0
2023-08-24,18.53094705404457,18.911649464371973,19.0556990250364,18.53094705404457,17148.0,17148.0
2023-08-25,18.87049244703928,18.685285869042165,19.02483126203688,18.56181481704409,14015.0,14015.0
2023-08-28,19.59074025036139,19.2820626203662,20.05375669535417,18.99396349903736,30516.0,30516.0
2023-08-29,19.31293038336572,19.78623608269168,19.889128626023407,19.03512051637005,24506.0,24506.0
2023-08-30,19.5495832330287,19.78623608269168,20.11549222135321,19.5495832330287,15895.0,15895.0
2023-08-31,19.703922048026293,19.90970713468976,20.26983103635081,19.611318759027736,25090.0,25090.0
2023-09-01,20.05375669535417,20.16693849301908,20.26983103635081,19.90970713468976,31422.0,31422.0
2023-09-04,20.16693849301908,22.183632342320983,22.183632342320983,19.97144266068879,109286.0,109286.0
2023-09-05,22.409995937650795,21.679458879995508,22.409995937650795,21.576566336663777,73127.0,73127.0
2023-09-06,21.73090515166137,21.40164901299984,21.73090515166137,21.257599452335416,35719.0,35719.0
2023-09-07,21.453095284665704,20.93863256800705,21.535409319331087,20.784293753009457,30066.0,30066.0
2023-09-08,20.6916904640109,21.52512006499792,21.73090515166137,20.61966568367869,47940.0,47940.0
2023-09-11,21.52512006499792,21.79264067766041,21.91611172965849,21.21644243500273,60929.0,60929.0
2023-09-12,21.802929931993585,21.52512006499792,21.84408694932628,21.309045724001283,29330.0,29330.0
2023-09-13,21.52512006499792,21.381070504333493,21.710326642995028,21.226731689335896,27390.0,27390.0
2023-09-14,21.23702094366907,21.09297138300465,21.350202741333973,20.887186296341188,22519.0,22519.0
2023-09-15,21.09297138300465,21.05181436567196,21.37078125000032,20.90776480500753,14780.0,14780.0
2023-09-18,21.16499616333686,21.02094660267244,21.16499616333686,20.784293753009457,19950.0,19950.0
2023-09-19,21.02094660267244,20.743136735676767,21.02094660267244,20.516773140346963,26111.0,26111.0
2023-09-20,20.79458300734263,20.557930157679653,20.948921822340225,20.537351649013303,16571.0,16571.0
2023-09-21,20.537351649013303,20.68140120967773,20.887186296341188,20.42416985134841,21989.0,21989.0
2023-09-22,20.68140120967773,21.041525111338785,21.12383914600417,20.38301283401571,30875.0,30875.0
2023-09-25,20.87689704200801,20.856318533341668,21.309045724001283,20.599087175012343,16826.0,16826.0
2023-09-26,20.825450770342147,20.41388059701523,20.84602927900849,20.38301283401571,10256.0,10256.0
2023-09-27,20.455037614347923,20.84602927900849,21.05181436567196,20.321277308016672,28095.0,28095.0
2023-09-28,21.03123585700561,20.33156656234985,21.06210362000513,20.29040954501715,18525.0,18525.0
2023-10-09,20.26983103635081,19.85826086302389,20.33156656234985,19.714211302359463,19744.0,19744.0
2023-10-10,20.012599678021484,19.919996389022927,20.321277308016672,19.765657574025333,14480.0,14480.0
2023-10-11,19.919996389022927,20.36243432534937,20.516773140346963,19.919996389022927,20883.0,20883.0
2023-10-12,20.36243432534937,19.889128626023407,20.506483886013783,19.6627650306936,18163.0,18163.0
2023-10-13,19.889128626023407,19.673054285026776,19.889128626023407,19.42611218103062,11386.0,11386.0
2023-10-16,19.75536831969216,19.5495832330287,19.94057489768927,19.51871547002918,12109.0,12109.0
2023-10-17,19.5495832330287,19.559872487361872,19.806814591358023,19.42611218103062,10514.0,10514.0
2023-10-18,19.559872487361872,19.60102950469457,19.683343539359942,19.29235187469937,11394.0,11394.0
2023-10-19,19.529004724362352,19.837682354357543,20.29040954501715,19.21003784003399,17614.0,17614.0
2023-10-20,19.806814591358023,19.34379814636524,19.919996389022927,19.302641129032548,11223.0,11223.0
2023-10-23,19.0556990250364,19.395244418031105,19.611318759027736,18.849913938372936,16641.0,16641.0
2023-10-24,19.539293978695525,19.84797160869072,19.85826086302389,19.045409770703223,14676.0,14676.0
2023-10-25,19.90970713468976,19.961153406355617,20.17722774735225,19.6627650306936,11300.0,11300.0
2023-10-26,19.90970713468976,19.14830231403495,19.90970713468976,18.99396349903736,19652.0,19652.0
2023-10-27,19.14830231403495,20.23896327335129,20.321277308016672,18.93222797303832,34029.0,34029.0
2023-10-30,20.20809551035177,20.321277308016672,20.743136735676767,19.9302856433561,23754.0,23754.0
2023-10-31,20.568219412012823,20.259541782017635,20.73284748134359,20.012599678021484,18984.0,18984.0
2023-11-01,20.30069879935033,20.6916904640109,20.75342599000994,20.156649238685905,41689.0,41689.0
2023-11-02,20.527062394680133,19.8171038456912,20.578508666346,19.8171038456912,19460.0,19460.0
2023-11-03,19.775946828358503,20.30069879935033,20.496194631680616,19.6627650306936,24985.0,24985.0
2023-11-06,20.20809551035177,19.981731915021967,20.475616123014262,19.78623608269168,27392.0,27392.0
2023-11-07,20.14635998435273,19.97144266068879,20.259541782017635,19.75536831969216,17409.0,17409.0
2023-11-08,20.043467441021004,19.714211302359463,20.043467441021004,19.60102950469457,17625.0,17625.0
2023-11-09,19.673054285026776,19.58045099602822,19.889128626023407,19.333508892032064,23051.0,23051.0
2023-11-10,19.44669068969697,19.611318759027736,19.806814591358023,19.302641129032548,15566.0,15566.0
2023-11-13,19.683343539359942,19.703922048026293,19.78623608269168,19.44669068969697,12281.0,12281.0
2023-11-14,19.703922048026293,19.529004724362352,19.89941788035658,19.374665909364754,15585.0,15585.0
2023-11-15,19.611318759027736,19.84797160869072,19.89941788035658,19.611318759027736,16758.0,16758.0
2023-11-16,19.86855011735706,19.374665909364754,20.16693849301908,19.271773366033027,24299.0,24299.0
2023-11-17,19.271773366033027,19.47755845269649,19.49813696136283,19.13801305970178,12329.0,12329.0
2023-11-20,19.302641129032548,19.22032709436716,19.44669068969697,19.0556990250364,21572.0,21572.0
2023-11-21,19.22032709436716,19.302641129032548,19.529004724362352,19.096856042369087,26847.0,26847.0
2023-11-22,19.158591568368124,19.02483126203688,19.26148411169985,18.952806481704663,12462.0,12462.0
2023-11-23,18.952806481704663,19.11743455103543,19.17917007703447,18.891070955705622,12414.0,12414.0
2023-11-24,19.0556990250364,19.240905603033507,19.271773366033027,18.921938718705142,15537.0,15537.0
2023-11-27,19.0556990250364,19.63189726769408,19.6627650306936,18.942517227371493,23771.0,23771.0
2023-11-28,19.44669068969697,19.539293978695525,19.63189726769408,19.127723805368603,19427.0,19427.0
2023-11-29,19.44669068969697,19.31293038336572,19.65247577636043,19.302641129032548,18823.0,18823.0
2023-11-30,19.29235187469937,19.26148411169985,19.41582292669745,19.0556990250364,19972.0,19972.0
2023-12-01,19.271773366033027,19.06598827936957,19.714211302359463,18.880781701372456,36084.0,36084.0
2023-12-04,18.819046175373416,18.057641354718616,18.819046175373416,17.923881048387365,42095.0,42095.0
2023-12-05,17.903302539721018,18.21198016971621,18.819046175373416,17.831277759388804,44202.0,44202.0
2023-12-06,18.21198016971621,18.366318984713804,18.82933542970659,17.923881048387365,27210.0,27210.0
2023-12-07,18.366318984713804,18.35602973038063,18.5206577997114,17.59462490972583,25542.0,25542.0
2023-12-08,18.26342644138208,18.304583458714763,18.736732140708032,17.88272403105467,31442.0,31442.0
2023-12-11,18.02677359171909,18.00619508305275,18.119376880717653,17.4917323663941,22038.0,22038.0
2023-12-12,17.95474881138688,17.84156701372198,18.10908762638448,17.800409996389288,13505.0,13505.0
2023-12-13,17.903302539721018,17.316815042730155,17.903302539721018,17.28594727973064,20019.0,20019.0
2023-12-14,17.306525788396986,17.19334399073208,17.56375714672631,17.18305473639891,11097.0,11097.0
2023-12-15,17.18305473639891,17.234501008064772,17.388839823062366,17.15218697339939,10541.0,10541.0
2023-12-18,17.29623653406381,17.100740701733525,17.378550568729196,17.05958368440083,13160.0,13160.0
2023-12-19,17.19334399073208,17.29623653406381,17.29623653406381,16.966980395402274,10721.0,10721.0
2023-12-20,17.306525788396986,17.028715921401314,17.306525788396986,16.987558904068624,11039.0,11039.0
2023-12-21,17.19334399073208,17.25507951673112,17.337393551396506,16.88466636073689,17334.0,17334.0
2023-12-22,17.29623653406381,17.008137412734968,17.368261314396022,16.905244869403237,16138.0,16138.0
2023-12-25,16.977269649735447,17.09045144740035,17.18305473639891,16.905244869403237,9510.0,9510.0
2023-12-26,17.234501008064772,16.966980395402274,17.234501008064772,16.88466636073689,11350.0,11350.0
2023-12-27,17.04929443006766,17.368261314396022,17.471153857727753,16.977269649735447,12860.0,12860.0
2023-12-28,17.368261314396022,17.697517453057557,17.738674470390247,17.20363324506525,16015.0,16015.0
2023-12-29,17.646071181391694,17.399129077395543,17.738674470390247,17.16247622773256,32872.0,32872.0
2024-01-02,17.419707586061886,17.347682805729676,17.512310875060443,17.21392249939843,15916.0,15916.0
2024-01-03,17.265368771064292,17.234501008064772,17.388839823062366,17.05958368440083,17657.0,17657.0
2024-01-04,17.19334399073208,16.905244869403237,17.19334399073208,16.894955615070067,11995.0,11995.0
2024-01-05,16.905244869403237,16.483385441743145,16.946401886735927,16.39078215274459,20222.0,20222.0
2024-01-08,16.49367469607632,16.215864829080648,16.545120967742182,16.205575574747474,10871.0,10871.0
2024-01-09,16.287889609412858,16.226154083413817,16.555410222075356,16.154129303081607,12913.0,12913.0
2024-01-10,16.1952863204143,16.874377106403717,16.91553412373641,15.999790488084017,36496.0,36496.0
2024-01-11,16.750906054405643,16.925823378069584,16.966980395402274,16.514253204742666,25717.0,25717.0
2024-01-12,17.08016219306718,17.028715921401314,17.234501008064772,16.88466636073689,16331.0,16331.0
2024-01-15,17.028715921401314,16.997848158401794,17.20363324506525,16.936112632402757,11946.0,11946.0
2024-01-16,16.977269649735447,16.936112632402757,17.20363324506525,16.586277985074876,15900.0,15900.0
2024-01-17,16.925823378069584,16.4628069330768,16.977269649735447,16.44222842441045,12065.0,12065.0
2024-01-18,16.359914389745068,16.750906054405643,16.905244869403237,16.174707811747954,26596.0,26596.0
2024-01-19,16.66859201974026,17.29623653406381,17.625492672725347,16.56569947640853,36081.0,36081.0
2024-01-22,17.24479026239795,15.968922725084497,17.24479026239795,15.835162418753246,47493.0,47493.0
2024-01-23,15.804294655753726,16.627435002407566,16.69945978273978,15.670534349422478,28427.0,28427.0
2024-01-24,16.833220089071027,18.2942942043816,18.2942942043816,16.42164991574411,128560.0,128560.0
2024-01-25,18.82933542970659,19.950864152022447,20.125781475686384,18.129666135050822,292222.0,292222.0
2024-01-26,18.5206577997114,17.96503806572006,18.75731064937438,17.95474881138688,160874.0,160874.0
2024-01-29,17.656360435724867,16.997848158401794,17.66664969005804,16.617145748074392,120725.0,120725.0
2024-01-30,16.66859201974026,15.300121193428248,16.750906054405643,15.300121193428248,155837.0,155837.0
2024-01-31,14.919418783100848,14.055121419114316,14.99144356343306,14.024253656114798,138783.0,138783.0
2024-02-01,13.93165036711624,14.44611308377489,14.806236985435946,13.68470826312009,91655.0,91655.0
2024-02-02,14.37408830344268,13.952228875782588,14.672476679104696,13.4892124307898,74402.0,74402.0
2024-02-05,13.797890060784992,13.900782604116722,14.271195760110947,13.046774494463362,69233.0,69233.0
2024-02-06,13.69499751745326,14.518137864107102,14.65189817043835,13.478923176456629,67049.0,67049.0
2024-02-07,14.61074115310566,14.795947731102771,15.02231132643258,14.61074115310566,71674.0,71674.0
2024-02-08,14.795947731102771,15.258964176095558,15.37214597376046,14.734212205103734,54013.0,54013.0
2024-02-19,15.330988956427769,15.248674921762383,15.47503851709219,14.939997291767192,52408.0,52408.0
2024-02-20,15.135493124097485,15.536774043091228,15.598509569090266,14.981154309099889,35272.0,35272.0
2024-02-21,15.330988956427769,15.979211979417666,16.431939170077282,15.330988956427769,39692.0,39692.0
2024-02-22,15.866030181752764,15.8145839100869,16.082104522749397,15.598509569090266,31787.0,31787.0
2024-02-23,15.711691366755169,15.763137638421036,15.938054962084976,15.454460008425844,32419.0,32419.0
2024-02-26,15.763137638421036,15.8145839100869,16.09239377708257,15.495617025758538,29819.0,29819.0
2024-02-27,15.721980621088342,15.938054962084976,15.968922725084497,15.691112858088824,18790.0,18790.0
2024-02-28,15.999790488084017,15.485327771425364,16.40107140707776,15.464749262759018,34973.0,34973.0
2024-02-29,15.464749262759018,15.691112858088824,15.711691366755169,15.135493124097485,23665.0,23665.0
2024-03-01,15.639666586422958,15.526484788758056,15.8145839100869,15.413302991093152,24088.0,24088.0
2024-03-04,15.4338814997595,15.5470632974244,15.629377332089785,15.248674921762383,17354.0,17354.0
2024-03-05,15.4338814997595,15.289831939095077,15.536774043091228,15.22809641309604,15781.0,15781.0
2024-03-06,15.258964176095558,15.279542684761903,15.423592245426326,14.981154309099889,18452.0,18452.0
2024-03-07,15.217807158762865,15.02231132643258,15.44417075409267,15.02231132643258,16960.0,16960.0
2024-03-08,14.970865054766714,14.919418783100848,15.114914615431136,14.775369222436426,19077.0,19077.0
2024-03-11,15.03260058076575,15.423592245426326,15.485327771425364,14.929708037434022,26479.0,26479.0
2024-03-12,15.5470632974244,15.999790488084017,16.082104522749397,15.47503851709219,40822.0,40822.0
2024-03-13,15.927765707751805,16.112972285748917,16.555410222075356,15.927765707751805,35763.0,35763.0
2024-03-14,15.999790488084017,15.876319436085938,16.246732592080164,15.752848384087862,16284.0,16284.0
2024-03-15,15.866030181752764,15.95863347075132,16.040947505416707,15.660245095089303,26179.0,26179.0
2024-03-18,15.95863347075132,15.98950123375084,16.051236759749877,15.711691366755169,21429.0,21429.0
2024-03-19,15.948344216418148,16.082104522749397,16.349625135411895,15.804294655753726,29340.0,29340.0
2024-03-20,16.051236759749877,16.287889609412858,16.4628069330768,15.95863347075132,21065.0,21065.0
2024-03-21,16.339335881078725,16.205575574747474,16.473096187409972,16.082104522749397,14253.0,14253.0
2024-03-22,16.205575574747474,15.98950123375084,16.287889609412858,15.876319436085938,15708.0,15708.0
2024-03-25,15.8145839100869,15.670534349422478,16.112972285748917,15.649955840756132,17161.0,17161.0
2024-03-26,15.639666586422958,15.794005401420554,15.907187199085458,15.60879882342344,12166.0,12166.0
2024-03-27,15.855740927419593,15.567641806090748,16.215864829080648,15.5470632974244,21538.0,21538.0
2024-03-28,15.495617025758538,15.526484788758056,15.742559129754689,15.310410447761424,20682.0,20682.0
2024-03-29,15.701402112421995,15.84545167308642,15.84545167308642,15.485327771425364,12509.0,12509.0
2024-04-01,15.98950123375084,16.339335881078725,16.44222842441045,15.84545167308642,29192.0,29192.0
2024-04-02,16.226154083413817,16.308468118079205,16.4628069330768,16.12326154008209,20331.0,20331.0
2024-04-03,16.308468118079205,16.41136066141093,16.44222842441045,16.112972285748917,21728.0,21728.0
2024-04-08,16.431939170077282,16.06152601408305,16.452517678743625,15.999790488084017,19943.0,19943.0
2024-04-09,16.06152601408305,16.133550794415264,16.26731110074651,15.794005401420554,15802.0,15802.0
2024-04-10,16.154129303081607,15.948344216418148,16.1952863204143,15.752848384087862,13746.0,13746.0
2024-04-11,15.938054962084976,15.835162418753246,16.215864829080648,15.794005401420554,13667.0,13667.0
2024-04-12,15.91747645341863,15.423592245426326,15.948344216418148,15.351567465094115,20769.0,20769.0
2024-04-15,15.485327771425364,14.950286546100369,15.598509569090266,14.775369222436426,23901.0,23901.0
2024-04-16,14.96057580043354,14.4049560664422,14.970865054766714,14.353509794776333,29290.0,29290.0
2024-04-17,14.61074115310566,15.042889835098924,15.09433610676479,14.528427118440272,21552.0,21552.0
2024-04-18,14.99144356343306,14.99144356343306,15.22809641309604,14.847394002768638,17368.0,17368.0
2024-04-19,14.970865054766714,14.929708037434022,15.042889835098924,14.590162644439312,13299.0,13299.0
2024-04-22,14.7856584767696,15.186939395763346,15.37214597376046,14.71363369643739,16567.0,16567.0
2024-04-23,15.423592245426326,15.454460008425844,15.57793106042392,15.248674921762383,17802.0,17802.0
2024-04-24,15.670534349422478,15.557352551757576,15.670534349422478,15.279542684761903,12765.0,12765.0
2024-04-25,15.4338814997595,15.794005401420554,15.855740927419593,15.4338814997595,16487.0,16487.0
2024-04-26,15.629377332089785,15.176650141430173,15.629377332089785,14.723922950770564,58819.0,58819.0
2024-04-29,14.981154309099889,15.310410447761424,15.495617025758538,14.981154309099889,36908.0,36908.0
2024-04-30,15.47503851709219,15.156071632763828,15.495617025758538,15.042889835098924,28262.0,28262.0
2024-05-06,15.310410447761424,15.629377332089785,15.763137638421036,15.289831939095077,32996.0,32996.0
2024-05-07,15.721980621088342,15.536774043091228,15.721980621088342,15.330988956427769,22659.0,22659.0
2024-05-08,15.50590628009171,15.186939395763346,15.536774043091228,15.135493124097485,21483.0,21483.0
2024-05-09,15.238385667429212,15.166360887097,15.5470632974244,15.156071632763828,30536.0,30536.0
2024-05-10,15.26925343042873,15.02231132643258,15.485327771425364,14.919418783100848,32175.0,32175.0
2024-05-13,15.02231132643258,14.837104748435465,15.0531790894321,14.71363369643739,22833.0,22833.0
2024-05-14,14.826815494102291,14.981154309099889,15.186939395763346,14.826815494102291,24212.0,24212.0
2024-05-15,14.970865054766714,14.765079968103253,15.001732817766232,14.734212205103734,19712.0,19712.0
2024-05-16,14.775369222436426,14.765079968103253,14.826815494102291,14.64160891610518,18107.0,18107.0
2024-05-17,14.765079968103253,15.012022072099406,15.06346834376527,14.723922950770564,23206.0,23206.0
2024-05-20,15.001732817766232,15.125203869764308,15.361856719427289,14.96057580043354,28399.0,28399.0
2024-05-21,15.156071632763828,14.81652623976912,15.207517904429691,14.75479071377008,21870.0,21870.0
2024-05-22,14.837104748435465,14.85768325710181,14.939997291767192,14.662187424771524,19304.0,19304.0
2024-05-23,14.837104748435465,14.4049560664422,14.837104748435465,14.353509794776333,24041.0,24041.0
2024-05-24,14.497559355440757,14.559294881439794,14.806236985435946,14.37408830344268,22986.0,22986.0
2024-05-27,14.559294881439794,14.569584135772969,14.65189817043835,14.281485014444124,13264.0,13264.0
2024-05-28,14.528427118440272,14.250617251444604,14.538716372773449,14.19917097977874,11414.0,11414.0
2024-05-29,14.230038742778255,14.30206352311047,14.353509794776333,14.209460234111912,11125.0,11125.0
2024-05-30,14.260906505777776,14.260906505777776,14.34322054044316,14.116856945113357,10512.0,10512.0
2024-05-31,13.782425373134185,13.874104477611796,13.945410447761049,13.731492537313292,9018.0,9018.0
2024-06-03,13.85373134328344,13.63981343283568,13.874104477611796,13.507388059701352,13101.0,13101.0
2024-06-04,13.649999999999858,13.6296268656715,13.680559701492395,13.45645522388046,9462.0,9462.0
2024-06-05,13.649999999999858,13.466641791044635,13.711119402984934,13.45645522388046,10071.0,10071.0
2024-06-06,13.45645522388046,13.150858208955087,13.507388059701352,13.048992537313298,18661.0,18661.0
2024-06-07,13.22216417910434,13.23235074626852,13.334216417910309,12.967499999999866,11196.0,11196.0
2024-06-11,13.14067164179091,13.11011194029837,13.22216417910434,12.855447761193895,12434.0,12434.0
2024-06-12,13.11011194029837,13.11011194029837,13.23235074626852,13.00824626865658,10216.0,10216.0
2024-06-13,13.14067164179091,12.936940298507327,13.14067164179091,12.794328358208825,11213.0,11213.0
2024-06-14,12.886007462686434,12.957313432835686,13.11011194029837,12.682276119402854,20277.0,20277.0
2024-06-17,12.906380597014792,12.947126865671509,13.089738805970011,12.784141791044645,14058.0,14058.0
2024-06-18,12.967499999999866,13.171231343283443,13.313843283581951,12.906380597014792,18280.0,18280.0
2024-06-19,13.2425373134327,12.936940298507327,13.2425373134327,12.91656716417897,9819.0,9819.0
2024-06-20,12.936940298507327,12.733208955223748,13.01843283582076,12.702649253731211,10176.0,10176.0
2024-06-21,12.71283582089539,12.733208955223748,12.773955223880463,12.600783582089422,6657.0,6657.0
2024-06-24,12.62115671641778,12.172947761193903,12.651716417910317,12.172947761193903,13967.0,13967.0
2024-06-25,12.20350746268644,12.346119402984948,12.40723880597002,12.183134328358085,9539.0,9539.0
2024-06-26,12.427611940298378,12.71283582089539,12.733208955223748,12.305373134328232,13765.0,13765.0
2024-06-27,12.71283582089539,12.325746268656587,12.784141791044645,12.284999999999874,10410.0,10410.0
2024-06-28,12.31555970149241,12.101641791044653,12.386865671641663,12.02014925373122,17600.0,17600.0
2024-07-01,12.091455223880471,12.101641791044653,12.20350746268644,11.755298507462564,14386.0,14386.0
2024-07-02,12.142388059701366,12.081268656716292,12.183134328358085,11.948843283581969,8229.0,8229.0
2024-07-03,12.081268656716292,12.447985074626738,12.733208955223748,11.959029850746145,32480.0,32480.0
2024-07-04,12.234067164178978,11.734925373134208,12.4174253731342,11.694179104477492,28115.0,28115.0
2024-07-05,11.663619402984953,11.99977611940286,12.050708955223756,11.633059701492416,15563.0,15563.0
2024-07-08,12.060895522387934,11.724738805970029,12.060895522387934,11.70436567164167,12034.0,12034.0
2024-07-09,11.81641791044764,11.7858582089551,11.918283582089428,11.51082089552227,11912.0,11912.0
2024-07-10,11.694179104477492,11.633059701492416,11.7858582089551,11.58212686567152,11345.0,11345.0
2024-07-11,11.79604477611928,11.959029850746145,11.979402985074502,11.724738805970029,14227.0,14227.0
2024-07-12,11.938656716417787,11.99977611940286,12.060895522387934,11.846977611940176,11851.0,11851.0
2024-07-15,11.99977611940286,11.948843283581969,12.040522388059577,11.80623134328346,10485.0,10485.0
2024-07-16,11.857164179104355,11.959029850746145,12.050708955223756,11.857164179104355,10394.0,10394.0
2024-07-17,11.969216417910324,12.050708955223756,12.122014925373009,11.918283582089428,13376.0,13376.0
2024-07-18,12.060895522387934,12.081268656716292,12.162761194029724,11.857164179104355,11800.0,11800.0
2024-07-19,12.081268656716292,12.274813432835694,12.31555970149241,11.979402985074502,12925.0,12925.0
2024-07-22,12.172947761193903,12.060895522387934,12.325746268656587,11.989589552238682,9300.0,9300.0
2024-07-23,12.040522388059577,11.673805970149134,12.040522388059577,11.673805970149134,12914.0,12914.0
2024-07-24,11.622873134328238,11.317276119402868,11.755298507462564,11.276529850746153,19125.0,19125.0
2024-07-25,11.317276119402868,11.358022388059585,11.683992537313312,11.245970149253614,15340.0,15340.0
2024-07-26,11.3987686567163,11.408955223880476,11.500634328358087,11.317276119402868,11314.0,11314.0
2024-07-29,11.358022388059585,11.337649253731229,11.459888059701374,11.266343283581971,11638.0,11638.0
2024-07-30,11.317276119402868,11.337649253731229,11.3987686567163,11.215410447761078,11793.0,11793.0
2024-07-31,11.317276119402868,11.867350746268537,11.887723880596893,11.29690298507451,20710.0,20710.0
2024-08-01,11.938656716417787,11.70436567164167,12.122014925373009,11.633059701492416,17560.0,17560.0
2024-08-02,11.61268656716406,11.61268656716406,11.887723880596893,11.592313432835702,12258.0,12258.0
2024-08-05,11.571940298507345,11.439514925373016,11.89791044776107,11.408955223880476,14459.0,14459.0
2024-08-06,11.551567164178984,11.724738805970029,11.7858582089551,11.551567164178984,14969.0,14969.0
2024-08-07,11.71455223880585,11.60249999999988,11.734925373134208,11.490447761193913,10379.0,10379.0
2024-08-08,11.58212686567152,11.887723880596893,11.969216417910324,11.531194029850628,14489.0,14489.0
2024-08-09,11.857164179104355,11.663619402984953,11.948843283581969,11.633059701492416,13133.0,13133.0
2024-08-12,11.61268656716406,11.653432835820777,11.7858582089551,11.551567164178984,7433.0,7433.0
2024-08-13,11.663619402984953,11.60249999999988,11.70436567164167,11.459888059701374,8823.0,8823.0
2024-08-14,11.60249999999988,11.470074626865552,11.60249999999988,11.358022388059585,8598.0,8598.0
2024-08-15,11.439514925373016,11.429328358208837,11.643246268656595,11.368208955223762,10005.0,10005.0
2024-08-16,11.429328358208837,11.327462686567046,11.449701492537194,11.29690298507451,8930.0,8930.0
2024-08-19,11.266343283581971,11.459888059701374,11.500634328358087,11.256156716417795,12726.0,12726.0
2024-08-20,11.3987686567163,11.256156716417795,11.408955223880476,11.235783582089436,10030.0,10030.0
2024-08-21,11.266343283581971,11.317276119402868,11.358022388059585,11.256156716417795,5462.0,5462.0
2024-08-22,11.256156716417795,11.082985074626752,11.368208955223762,11.052425373134213,8461.0,8461.0
2024-08-23,11.00149253731332,10.899626865671529,11.082985074626752,10.879253731343171,9148.0,9148.0
2024-08-26,10.960746268656605,10.940373134328246,11.144104477611824,10.858880597014814,7544.0,7544.0
2024-08-27,10.848694029850634,11.032052238805855,11.133917910447646,10.848694029850634,8266.0,8266.0
2024-08-28,10.991305970149138,11.082985074626752,11.235783582089436,10.858880597014814,8416.0,8416.0
2024-08-29,11.10335820895511,11.347835820895405,11.38858208955212,11.032052238805855,9468.0,9468.0
2024-08-30,11.347835820895405,11.51082089552227,11.643246268656595,11.113544776119287,16168.0,16168.0
2024-09-02,11.521007462686448,11.358022388059585,11.561753731343163,11.337649253731229,9081.0,9081.0
2024-09-03,11.408955223880476,11.480261194029731,11.60249999999988,11.266343283581971,10605.0,10605.0
2024-09-04,11.429328358208837,11.408955223880476,11.561753731343163,11.378395522387942,6186.0,6186.0
2024-09-05,11.41914179104466,11.58212686567152,11.663619402984953,11.3987686567163,7895.0,7895.0
2024-09-06,11.58212686567152,11.358022388059585,11.653432835820777,11.337649253731229,7344.0,7344.0
2024-09-09,11.317276119402868,11.266343283581971,11.459888059701374,11.2052238805969,6534.0,6534.0
2024-09-10,11.307089552238688,11.327462686567046,11.38858208955212,11.10335820895511,8254.0,8254.0
2024-09-11,11.38858208955212,11.276529850746153,11.449701492537194,11.2052238805969,5842.0,5842.0
2024-09-12,11.307089552238688,11.113544776119287,11.38858208955212,11.113544776119287,5921.0,5921.0
2024-09-13,11.144104477611824,10.909813432835708,11.2052238805969,10.858880597014814,6649.0,6649.0
2024-09-18,10.909813432835708,10.767201492537202,10.960746268656605,10.604216417910338,6727.0,6727.0
2024-09-19,10.869067164178992,11.225597014925256,11.41914179104466,10.818134328358097,17812.0,17812.0
2024-09-20,11.235783582089436,11.154291044776004,11.256156716417795,10.950559701492423,10853.0,10853.0
2024-09-23,11.123731343283469,11.245970149253614,11.327462686567046,11.082985074626752,10951.0,10951.0
2024-09-24,11.3987686567163,11.877537313432711,12.02014925373122,11.317276119402868,28059.0,28059.0
2024-09-25,11.948843283581969,11.71455223880585,12.091455223880471,11.683992537313312,23054.0,23054.0
2024-09-26,11.643246268656595,12.62115671641778,12.743395522387928,11.643246268656595,46603.0,46603.0
2024-09-27,13.059179104477478,13.313843283581951,13.415708955223742,12.92675373134315,36734.0,36734.0
2024-09-30,14.597350746268503,14.383432835820743,14.597350746268503,13.802798507462544,66222.0,66222.0
2024-10-08,15.6669402985073,15.310410447761036,15.809552238805804,14.169514925372988,82644.0,82644.0
2024-10-09,14.66,13.4,14.66,13.39,33286.0,33286.0
2024-10-10,13.39,13.5,13.94,13.26,28514.0,28514.0
2024-10-11,13.64,13.07,13.76,13.0,25257.0,25257.0
2024-10-14,13.11,13.04,13.27,12.62,23561.0,23561.0
2024-10-15,12.92,12.56,13.03,12.55,24697.0,24697.0
2024-10-16,12.4,12.44,12.66,12.31,15399.0,15399.0
2024-10-17,12.5,12.26,12.76,12.26,13933.0,13933.0
2024-10-18,12.22,12.5,12.78,12.13,26494.0,26494.0
2024-10-21,12.54,12.47,12.68,12.33,18705.0,18705.0
2024-10-22,12.53,12.81,12.81,12.39,18340.0,18340.0
2024-10-23,12.82,12.85,12.98,12.64,16996.0,16996.0
2024-10-24,12.85,12.81,13.0,12.71,10475.0,10475.0
2024-10-25,12.73,13.02,13.04,12.71,12733.0,12733.0
2024-10-28,13.02,13.47,13.57,12.91,22206.0,22206.0
2024-10-29,13.45,13.06,13.5,13.02,21290.0,21290.0
2024-10-30,13.02,12.77,13.28,12.65,15191.0,15191.0
2024-10-31,12.8,12.86,12.95,12.6,18817.0,18817.0
2024-11-01,12.86,12.71,12.91,12.59,15065.0,15065.0
2024-11-04,12.66,13.39,13.41,12.66,24402.0,24402.0
2024-11-05,13.4,13.6,13.73,13.27,29859.0,29859.0
2024-11-06,13.6,13.37,13.67,13.23,25511.0,25511.0
2024-11-07,13.36,14.28,14.5,13.33,58714.0,58714.0
2024-11-08,14.28,13.97,14.44,13.85,39560.0,39560.0
2024-11-11,13.97,14.19,14.24,13.81,31802.0,31802.0
2024-11-12,14.2,14.64,15.16,14.06,56297.0,56297.0
2024-11-13,14.5,14.42,14.56,14.14,21152.0,21152.0
2024-11-14,14.42,14.19,14.76,14.1,27732.0,27732.0
2024-11-15,14.13,14.4,15.03,14.11,33103.0,33103.0
2024-11-18,14.86,14.79,15.59,14.51,62633.0,62633.0
2024-11-19,14.78,15.02,15.16,14.55,35053.0,35053.0
2024-11-20,14.96,14.82,15.15,14.65,28670.0,28670.0
2024-11-21,14.72,14.6,14.76,14.45,25249.0,25249.0
2024-11-22,14.6,13.93,14.67,13.88,30464.0,30464.0
2024-11-25,13.89,14.23,14.34,13.84,30402.0,30402.0
2024-11-26,14.24,14.43,14.52,14.15,18216.0,18216.0
2024-11-27,14.41,14.89,14.9,14.18,23423.0,23423.0
2024-11-28,14.95,15.64,15.93,14.91,70356.0,70356.0
2024-11-29,15.78,16.35,17.1,15.78,93688.0,93688.0
2024-12-02,16.35,16.0,16.86,15.93,83453.0,83453.0
2024-12-03,16.1,15.98,16.12,15.5,50787.0,50787.0
2024-12-04,15.98,15.7,16.54,15.53,36376.0,36376.0
2024-12-05,15.68,15.82,16.1,15.3,29552.0,29552.0
2024-12-06,15.71,15.86,16.1,15.56,30758.0,30758.0
2024-12-09,15.86,16.0,16.57,15.63,39608.0,39608.0
2024-12-10,16.99,16.29,17.2,16.19,75956.0,75956.0
2024-12-11,16.6,16.49,16.84,16.22,75654.0,75654.0
2024-12-12,16.33,17.04,17.34,16.16,99312.0,99312.0
2024-12-13,16.9,17.11,17.37,16.72,83929.0,83929.0
2024-12-16,17.37,17.04,17.45,16.5,67367.0,67367.0
2024-12-17,16.91,16.37,17.18,16.28,52322.0,52322.0
2024-12-18,16.31,16.16,16.49,16.11,25342.0,25342.0
2024-12-19,16.04,16.42,17.17,16.03,59107.0,59107.0
2024-12-20,16.78,16.43,17.15,16.33,52779.0,52779.0
2024-12-23,16.29,15.58,16.52,15.46,56990.0,56990.0
2024-12-24,15.69,16.55,16.55,15.61,61304.0,61304.0
2024-12-25,16.56,16.4,16.62,15.5,48285.0,48285.0
2024-12-26,16.28,15.97,16.46,15.88,39681.0,39681.0
2024-12-27,15.95,15.28,15.95,15.0,48581.0,48581.0
2024-12-30,15.17,15.51,15.55,14.98,36074.0,36074.0
2024-12-31,15.5,15.22,15.6,15.11,23382.0,23382.0
2025-01-02,15.22,15.35,16.06,15.02,37414.0,37414.0
2025-01-03,15.31,14.92,15.51,14.8,32841.0,32841.0
2025-01-06,14.86,14.54,15.03,14.33,35708.0,35708.0
2025-01-07,14.58,14.33,14.69,14.2,25476.0,25476.0
2025-01-08,14.25,14.55,14.69,13.96,26305.0,26305.0
2025-01-09,14.41,14.39,14.65,14.26,15497.0,15497.0
2025-01-10,14.45,14.0,14.51,14.0,9762.0,9762.0
2025-01-13,13.91,14.11,14.2,13.68,18110.0,18110.0
2025-01-14,14.2,14.66,14.71,14.12,22449.0,22449.0
2025-01-15,14.7,14.5,14.81,14.47,10662.0,10662.0
2025-01-16,14.57,14.62,14.75,14.45,13305.0,13305.0
2025-01-17,14.54,15.08,15.2,14.47,20941.0,20941.0
2025-01-20,15.17,15.25,15.72,15.17,15528.0,15528.0
2025-01-21,15.39,14.96,15.39,14.58,21248.0,21248.0
2025-01-22,14.91,14.65,14.96,14.56,11238.0,11238.0
2025-01-23,14.79,14.38,14.8,14.37,15057.0,15057.0
2025-01-24,14.39,14.24,14.5,14.18,11243.0,11243.0
2025-01-27,14.24,14.68,14.94,14.24,19572.0,19572.0
2025-02-05,14.88,13.87,14.88,13.8,34893.0,34893.0
2025-02-06,13.87,13.94,14.12,13.77,17597.0,17597.0
2025-02-07,13.96,13.86,14.08,13.78,23729.0,23729.0
2025-02-10,13.86,14.32,14.38,13.6,34014.0,34014.0
2025-02-11,14.43,14.03,14.45,13.99,27277.0,27277.0
2025-02-12,14.06,13.8,14.06,13.55,36794.0,36794.0
2025-02-13,13.8,13.77,13.9,13.66,19896.0,19896.0
2025-02-14,13.67,13.76,13.85,13.67,12485.0,12485.0
2025-02-17,13.77,13.97,14.2,13.77,24259.0,24259.0
2025-02-18,13.98,13.65,14.0,13.56,22797.0,22797.0
2025-02-19,13.7,13.68,13.78,13.56,17597.0,17597.0
2025-02-20,13.8,13.63,13.87,13.47,26215.0,26215.0
2025-02-21,13.63,13.27,13.63,13.21,39984.0,39984.0
2025-02-24,13.21,13.49,13.54,13.2,24093.0,24093.0
2025-02-25,13.5,13.5,13.55,13.32,17570.0,17570.0
2025-02-26,13.51,13.54,13.64,13.4,15013.0,15013.0
2025-02-27,13.5,14.03,14.24,13.5,48388.0,48388.0
2025-02-28,13.99,13.96,14.24,13.82,23546.0,23546.0
2025-03-03,14.0,14.02,14.36,13.91,23090.0,23090.0
2025-03-04,13.93,14.0,14.05,13.77,15709.0,15709.0
2025-03-05,13.96,13.29,14.05,13.11,37284.0,37284.0
2025-03-06,13.3,13.21,13.38,13.1,41030.0,41030.0
2025-03-07,13.23,13.19,13.34,13.08,23787.0,23787.0
2025-03-10,13.2,13.24,13.3,13.1,23246.0,23246.0
2025-03-11,13.12,13.02,13.13,12.8,53059.0,53059.0
2025-03-12,13.0,12.89,13.03,12.81,34905.0,34905.0
2025-03-13,12.85,12.88,12.93,12.73,21850.0,21850.0
2025-03-14,12.88,13.76,14.05,12.85,96594.0,96594.0
2025-03-17,13.76,13.84,14.47,13.76,66808.0,66808.0
2025-03-18,13.9,13.63,13.97,13.56,25812.0,25812.0
2025-03-19,13.6,13.43,13.64,13.4,17651.0,17651.0
2025-03-20,13.52,13.33,13.59,13.28,15272.0,15272.0
2025-03-21,13.31,13.12,13.42,13.09,16360.0,16360.0
2025-03-24,13.11,12.8,13.67,12.61,63970.0,63970.0
2025-03-25,12.81,12.85,12.87,12.6,23713.0,23713.0
2025-03-26,12.76,13.07,13.12,12.76,21557.0,21557.0
2025-03-27,13.01,13.18,13.23,12.92,19315.0,19315.0
2025-03-28,13.17,12.89,13.29,12.88,15417.0,15417.0
2025-03-31,12.88,12.9,13.14,12.72,17315.0,17315.0
2025-04-01,12.9,13.35,13.56,12.84,37706.0,37706.0
2025-04-02,13.3,13.24,13.69,13.21,20906.0,20906.0
2025-04-03,13.12,13.39,13.42,13.12,18574.0,18574.0
2025-04-07,13.12,12.09,13.13,12.05,44587.0,44587.0
2025-04-08,12.23,12.75,12.9,12.19,44866.0,44866.0
2025-04-09,12.67,12.91,13.01,12.3,31142.0,31142.0
2025-04-10,13.39,13.24,13.39,12.99,35255.0,35255.0
2025-04-11,13.29,13.26,13.37,13.04,27368.0,27368.0
2025-04-14,13.25,13.51,13.81,13.2,35208.0,35208.0
2025-04-15,13.5,13.78,14.04,13.21,60620.0,60620.0
2025-04-16,13.75,13.93,13.95,13.5,45223.0,45223.0
2025-04-17,13.81,14.43,14.5,13.58,77267.0,77267.0
2025-04-18,14.39,13.95,14.41,13.91,41651.0,41651.0
2025-04-21,13.9,13.95,14.15,13.81,30298.0,30298.0
2025-04-22,13.85,14.02,14.14,13.71,20972.0,20972.0
2025-04-23,13.95,13.44,14.0,13.37,38729.0,38729.0
2025-04-24,13.44,13.8,13.86,13.38,41842.0,41842.0
2025-04-25,13.9,13.52,14.29,13.4,47773.0,47773.0
2025-04-28,13.49,12.34,13.49,12.3,100991.0,100991.0
2025-04-29,12.32,12.76,12.88,12.26,49645.0,49645.0
2025-04-30,12.75,12.77,13.25,12.69,34352.0,34352.0
2025-05-06,12.83,12.94,13.13,12.78,36412.0,36412.0
2025-05-07,13.04,13.22,13.33,13.0,41875.0,41875.0
2025-05-08,13.28,13.3,13.38,12.98,20237.0,20237.0
2025-05-09,13.3,13.36,13.58,13.13,33224.0,33224.0
2025-05-12,13.2,13.19,13.28,12.93,40065.0,40065.0
2025-05-13,13.25,13.15,13.32,13.06,16656.0,16656.0
2025-05-14,13.17,13.14,13.25,13.0,15340.0,15340.0
2025-05-15,13.18,13.17,13.27,13.06,14794.0,14794.0
2025-05-16,13.2,13.17,13.2,13.01,12902.0,12902.0
2025-05-19,13.14,13.76,13.85,13.14,39670.0,39670.0
2025-05-20,13.81,14.04,14.15,13.66,47353.0,47353.0
2025-05-21,14.01,14.0,14.39,13.88,26508.0,26508.0
2025-05-22,14.0,13.85,14.22,13.75,22665.0,22665.0
2025-05-23,13.89,13.52,13.89,13.4,32605.0,32605.0
2025-05-26,13.51,13.76,13.82,13.41,31841.0,31841.0
2025-05-27,13.67,13.78,13.95,13.58,31480.0,31480.0
2025-05-28,13.76,14.26,14.35,13.6,46946.0,46946.0
2025-05-29,14.27,13.99,14.27,13.95,34613.0,34613.0
2025-05-30,13.98,13.65,14.12,13.63,26536.0,26536.0
2025-06-03,13.43,13.53,13.68,13.38,22387.0,22387.0
2025-06-04,13.5,14.02,14.14,13.38,42797.0,42797.0
2025-06-05,14.11,13.62,14.2,13.54,38876.0,38876.0
2025-06-06,13.62,13.53,13.68,13.45,26030.0,26030.0
2025-06-09,13.53,13.74,13.76,13.45,26593.0,26593.0
2025-06-10,13.76,13.66,13.85,13.48,26598.0,26598.0
2025-06-11,13.58,13.6,13.79,13.57,24718.0,24718.0
2025-06-12,13.68,13.23,13.68,13.08,50534.0,50534.0
2025-06-13,13.19,12.66,13.2,12.61,42891.0,42891.0
2025-06-16,12.66,12.45,12.7,12.4,52067.0,52067.0
2025-06-17,12.57,12.38,12.57,12.35,29984.0,29984.0
2025-06-18,12.36,12.34,12.38,12.01,22788.0,22788.0
2025-06-19,12.33,12.21,12.4,12.16,23659.0,23659.0
2025-06-20,12.23,12.22,12.38,12.2,18686.0,18686.0
2025-06-23,12.2,12.25,12.3,12.07,23015.0,23015.0
2025-06-24,12.28,12.36,12.4,12.26,28837.0,28837.0
2025-06-25,12.4,12.47,12.56,12.27,26870.0,26870.0
2025-06-26,12.44,12.38,12.48,12.35,16261.0,16261.0
2025-06-27,12.38,12.43,12.47,12.36,17229.0,17229.0
2025-06-30,12.44,12.47,12.48,12.34,22305.0,22305.0
2025-07-01,12.44,12.48,12.51,12.36,14831.0,14831.0
2025-07-02,12.52,12.39,12.52,12.3,24658.0,24658.0
2025-07-03,12.35,12.51,12.54,12.32,21675.0,21675.0
2025-07-04,12.51,12.41,12.54,12.39,16880.0,16880.0
2025-07-07,12.46,12.43,12.55,12.32,20477.0,20477.0
2025-07-08,12.43,12.55,12.55,12.43,22910.0,22910.0
2025-07-09,12.54,12.54,12.67,12.5,19917.0,19917.0
2025-07-10,12.47,12.52,12.59,12.42,19187.0,19187.0
2025-07-11,12.52,12.48,12.59,12.42,29040.0,29040.0
2025-07-14,12.46,12.47,12.48,12.41,28339.0,28339.0
2025-07-15,12.43,12.12,12.5,12.03,61172.0,61172.0
2025-07-16,12.16,12.17,12.22,12.1,28618.0,28618.0
2025-07-17,12.19,12.14,12.34,12.08,38962.0,38962.0
2025-07-18,12.18,12.19,12.2,12.1,19917.0,19917.0
2025-07-21,12.21,12.33,12.34,12.19,30490.0,30490.0
2025-07-22,12.37,12.5,12.56,12.29,36351.0,36351.0
2025-07-23,12.56,12.5,12.62,12.45,29698.0,
2025-07-24,12.52,12.58,12.59,12.46,27653.0,
2025-07-25,12.59,12.6,12.7,12.55,24220.0,
2025-07-28,12.67,12.68,12.72,12.55,26168.0,
2025-07-29,12.68,12.71,12.76,12.6,31091.0,
2025-07-30,12.7,12.84,12.93,12.64,33194.0,
2025-07-31,12.86,12.54,12.86,12.5,31390.0,
2025-08-01,12.54,12.65,12.73,12.53,21124.0,
2025-08-04,12.65,12.62,12.68,12.5,23631.0,
2025-08-05,12.62,12.81,12.81,12.56,25969.0,
2025-08-06,12.8,12.78,12.81,12.68,24788.0,
2025-08-07,12.76,13.27,13.35,12.73,73667.0,
2025-08-08,13.19,13.47,13.64,13.1,91877.0,
2025-08-11,13.42,13.41,13.48,13.25,34726.0,
2025-08-12,13.4,13.22,13.42,13.2,30647.0,
2025-08-13,13.32,13.21,13.34,13.12,27277.0,
2025-08-14,13.23,13.15,13.36,13.07,28815.0,
2025-08-15,13.13,13.26,13.27,13.11,25211.0,
2025-08-18,13.28,13.53,13.62,13.26,60563.0,
2025-08-19,13.56,13.74,13.84,13.56,45684.0,
2025-08-20,13.68,13.78,13.84,13.61,28818.0,
2025-08-21,13.78,13.63,13.78,13.51,49362.0,
2025-08-22,13.65,13.67,13.68,13.48,27996.0,
2025-08-25,13.69,13.8,13.92,13.6,31523.0,
2025-08-26,13.71,13.85,13.97,13.71,23987.0,
2025-08-27,13.92,13.61,13.92,13.61,26182.0,
2025-08-28,13.74,13.76,13.93,13.49,31135.0,
2025-08-29,13.82,14.59,14.73,13.64,73608.0,
2025-09-01,14.96,14.55,15.03,14.45,62012.0,
2025-09-02,14.53,14.24,14.59,14.11,44685.0,
2025-09-03,14.33,14.2,14.68,14.17,42550.0,
2025-09-04,14.39,14.47,14.66,14.07,74706.0,
2025-09-05,14.31,14.4,14.49,14.02,63359.0,
2025-09-08,14.28,14.57,14.63,14.28,34306.0,
2025-09-09,14.47,14.1,14.65,14.05,61731.0,
2025-09-10,13.97,14.01,14.3,13.96,63706.0,
2025-09-11,14.06,14.14,14.26,13.81,37731.0,
2025-09-12,14.18,13.98,14.26,13.93,30634.0,
2025-09-15,14.04,14.49,14.68,13.96,47062.0,
2025-09-16,14.46,14.4,14.63,14.25,28470.0,
2025-09-17,14.35,14.29,14.4,14.13,23381.0,
2025-09-18,14.18,14.19,14.29,14.0,36404.0,
2025-09-19,14.11,14.05,14.2,13.91,41282.0,
2025-09-22,14.0,13.99,14.18,13.63,48057.0,
2025-09-23,13.98,14.14,14.14,13.7,38382.0,
2025-09-24,13.96,14.48,14.55,13.96,38959.0,
2025-09-25,14.46,14.22,14.5,14.19,20825.0,
2025-09-26,14.21,14.2,14.37,14.01,18833.0,
2025-09-29,14.2,14.43,14.45,13.89,34578.0,
2025-09-30,14.4,14.47,14.51,14.24,18895.0,
2025-10-09,14.38,14.31,14.58,14.11,19338.0,
2025-10-10,14.31,14.54,14.85,14.15,35466.0,
2025-10-13,14.31,14.36,14.46,14.1,25556.0,
2025-10-14,14.39,14.34,14.47,14.27,16012.0,
2025-10-15,14.48,14.74,14.9,14.28,44814.0,
2025-10-16,14.75,14.51,14.75,14.5,24604.0,
2025-10-17,14.5,14.46,14.76,14.4,36953.0,
2025-10-20,14.45,14.1,14.53,14.03,28857.0,
2025-10-21,14.17,14.17,14.18,13.9,19255.0,
2025-10-22,14.15,14.1,14.26,14.03,12074.0,
2025-10-23,14.04,14.22,14.25,14.04,13388.0,
2025-10-24,14.28,14.13,14.37,14.1,11816.0,
2025-10-27,14.09,14.5,14.75,14.06,30659.0,
2025-10-28,14.42,14.51,14.55,14.34,17181.0,
2025-10-29,14.42,14.39,14.52,14.12,15035.0,
2025-10-30,14.84,14.66,15.59,14.66,84741.0,
2025-10-31,14.95,15.12,15.27,14.87,53903.0,
2025-11-03,15.0,16.17,16.41,14.95,87555.0,
2025-11-04,16.0,15.59,16.17,15.5,54634.0,
2025-11-05,15.6,15.55,16.09,15.36,45497.0,
2025-11-06,15.69,15.45,15.69,15.34,36014.0,
2025-11-07,15.46,15.24,15.54,15.18,29597.0,
2025-11-10,15.24,16.16,16.26,15.1,73763.0,
2025-11-11,16.12,16.3,16.4,15.91,48776.0,
2025-11-12,16.4,16.23,16.87,16.11,47619.0,
2025-11-13,16.31,16.29,16.45,16.0,40458.0,
2025-11-14,16.21,15.97,16.51,15.96,26884.0,
2025-11-17,15.91,15.59,15.97,15.51,44995.0,
2025-11-18,15.28,15.18,15.45,14.85,43243.0,
2025-11-19,15.29,15.3,15.49,15.11,29026.0,
2025-11-20,15.4,14.95,15.4,14.83,21187.0,
2025-11-21,15.05,14.7,15.15,14.49,24003.0,
2025-11-24,14.85,15.17,15.36,14.71,42125.0,
2025-11-25,15.24,14.93,15.29,14.82,28144.0,
2025-11-26,14.91,14.8,15.09,14.72,22701.0,
2025-11-27,14.79,14.71,14.94,14.68,14966.0,
2025-11-28,14.7,15.01,15.12,14.61,20633.0,
2025-12-01,15.05,15.09,15.48,14.98,27517.0,
2025-12-02,15.22,15.02,15.22,14.87,12065.0,
2025-12-03,15.1,15.04,15.23,14.92,15893.0,
2025-12-04,15.03,14.76,15.03,14.71,18181.0,
2025-12-05,14.75,14.62,14.75,14.45,16269.0,
2025-12-08,14.64,14.22,14.66,14.15,38187.0,
2025-12-09,14.18,14.26,14.36,14.08,22168.0,
2025-12-10,14.22,14.26,14.44,14.19,17362.0,
2025-12-11,14.35,14.0,14.35,14.0,17779.0,
2025-12-12,14.02,14.15,14.32,13.95,22752.0,
2025-12-15,14.28,14.37,14.55,14.2,23497.0,
2025-12-16,14.41,14.48,14.79,14.28,46773.0,
2025-12-17,14.32,14.8,14.95,14.32,40177.0,
2025-12-18,14.8,14.42,14.81,14.42,26704.0,
2025-12-19,14.46,14.79,14.84,14.38,24086.0,
2025-12-22,14.71,14.84,15.08,14.71,27712.0,
2025-12-23,14.86,14.59,15.0,14.57,17807.0,
2025-12-24,14.61,14.5,14.7,14.39,17393.0,
2025-12-25,14.65,14.47,14.68,14.43,20051.0,
2025-12-26,14.48,14.25,14.54,14.23,17253.0,
2025-12-29,14.34,14.5,14.74,14.16,32929.0,
2025-12-30,14.41,14.2,14.5,14.16,21335.0,
2025-12-31,14.2,14.28,14.39,14.2,19243.0,
2026-01-05,14.28,14.24,14.36,14.01,30051.0,
2026-01-06,14.23,14.87,15.06,14.11,61259.0,
2026-01-07,14.88,15.22,15.77,14.88,71388.0,
2026-01-08,15.19,15.01,15.21,14.73,51670.0,
2026-01-09,14.94,14.86,15.28,14.86,39022.0,
2026-01-12,15.0,15.58,15.58,15.0,61971.0,
2026-01-13,15.58,15.19,15.6,15.15,54596.0,
2026-01-14,15.35,15.25,15.55,15.07,61257.0,
2026-01-15,15.18,15.05,15.34,14.99,49963.0,
2026-01-16,15.09,14.73,15.09,14.38,69872.0,
2026-01-19,14.83,15.24,15.5,14.73,59954.0,
2026-01-20,15.24,14.88,15.42,14.87,64796.0,
2026-01-21,14.88,14.76,14.99,14.62,32707.0,
2026-01-22,14.76,14.8,14.93,14.64,24445.0,
2026-01-23,14.8,14.75,15.18,14.5,55486.0,
2026-01-26,14.71,14.54,14.84,14.35,41427.0,
2026-01-27,14.52,14.04,14.52,13.9,59758.0,
2026-01-28,14.0,13.91,14.25,13.85,38820.0,
2026-01-29,13.91,14.24,14.29,13.76,44126.0,
2026-01-30,14.15,14.22,14.38,14.03,32675.0,
2026-02-02,14.15,14.22,14.85,14.01,65481.0,
2026-02-03,14.26,14.14,14.39,13.9,48433.0,
2026-02-04,14.2,14.23,14.33,14.09,30996.0,
2026-02-05,14.25,14.85,15.0,14.03,87915.0,
2026-02-06,14.76,14.94,15.29,14.62,68483.0,
2026-02-09,14.95,15.06,15.14,14.81,47487.0,
2026-02-10,15.13,14.62,15.15,14.55,33594.0,
2026-02-11,14.64,14.45,14.65,14.34,28227.0,
2026-02-12,14.41,14.22,14.45,14.21,24630.0,
2026-02-13,14.24,14.14,14.44,14.1,25758.0,
2026-02-24,14.21,14.05,14.27,13.99,31303.0,
2026-02-25,14.09,14.07,14.26,14.05,28626.0,
2026-02-26,14.16,14.08,14.18,14.02,21210.0,
2026-02-27,14.11,14.1,14.14,14.01,25572.0,
2026-03-02,14.0,13.96,14.07,13.7,51668.0,
2026-03-03,13.9,13.78,14.29,13.72,36464.0,
2026-03-04,13.79,13.6,13.82,13.41,33006.0,
2026-03-05,13.6,13.42,13.7,13.4,25015.0,
2026-03-06,13.42,13.66,13.71,13.38,24310.0,
2026-03-09,13.61,13.55,13.74,13.44,27852.0,
2026-03-10,13.62,13.9,14.02,13.58,36270.0,
2026-03-11,13.96,13.84,13.96,13.79,24158.0,
2026-03-12,13.85,13.76,14.14,13.71,21979.0,
2026-03-13,13.76,13.71,13.89,13.63,16389.0,
2026-03-16,13.69,13.76,13.86,13.64,22136.0,
2026-03-17,13.68,13.54,13.92,13.53,20646.0,
2026-03-18,13.54,13.44,13.58,13.3,19066.0,
2026-03-19,13.35,13.21,13.45,13.18,17546.0,
2026-03-20,13.21,13.03,13.33,13.03,20447.0,
2026-03-23,13.0,12.29,13.02,12.23,42633.0,
2026-03-24,12.5,12.66,12.66,12.29,19578.0,
2026-03-25,12.69,12.85,12.94,12.6,19713.0,
2026-03-26,12.82,12.65,13.01,12.63,19696.0,
2026-03-27,12.65,12.74,12.79,12.52,19526.0,
2026-03-30,12.65,12.73,12.84,12.6,22467.0,
2026-03-31,12.65,12.35,13.14,12.29,49045.0,
2026-04-01,12.48,12.75,12.8,12.45,27949.0,
2026-04-02,12.61,12.76,12.85,12.58,22675.0,
2026-04-03,12.71,13.12,13.16,12.64,41715.0,
2026-04-07,13.13,13.27,13.32,12.85,49354.0,
2026-04-08,13.25,13.37,13.44,13.12,42005.0,
2026-04-09,13.29,13.45,13.52,13.23,41789.0,
2026-04-10,13.45,13.36,13.77,13.34,32978.0,
2026-04-13,13.37,13.13,13.38,13.01,34525.0,
2026-04-14,13.23,13.13,13.23,12.91,22533.0,
2026-04-15,13.13,13.17,13.2,12.88,33169.0,
2026-04-16,13.16,13.17,13.33,13.08,22915.0,
2026-04-17,13.18,13.2,13.29,12.95,22939.0,
2026-04-20,13.17,13.26,13.37,13.11,18366.0,
2026-04-21,13.26,13.27,13.39,13.2,15251.0,
2026-04-22,13.33,13.12,13.33,13.08,15385.0,
2026-04-23,13.16,13.32,13.38,13.0,23804.0,
2026-04-24,13.26,13.21,13.27,13.04,22940.0,
2026-04-27,12.92,13.55,13.66,12.7,64253.0,
2026-04-28,13.52,13.83,14.23,13.46,79939.0,
2026-04-29,13.94,13.97,14.02,13.67,48470.0,
2026-04-30,13.9,13.65,13.99,13.61,41055.0,
2026-05-06,13.68,13.55,13.79,13.46,36246.0,
2026-05-07,13.52,13.21,13.56,13.11,47297.0,
2026-05-08,13.22,13.15,13.23,12.95,37236.0,
2026-05-11,13.16,13.3,13.48,13.05,44564.0,
2026-05-12,13.3,13.13,13.72,13.11,38874.0,
2026-05-13,13.12,12.92,13.14,12.77,40442.0,
2026-05-14,12.92,12.77,13.02,12.7,31708.0,
2026-05-15,12.77,12.69,12.82,12.59,22777.0,
2026-05-18,12.69,12.38,12.71,12.34,48671.0,
2026-05-19,12.48,12.43,12.63,12.3,30576.0,
2026-05-20,12.43,12.33,12.52,12.24,25765.0,
2026-05-21,12.25,12.16,12.53,12.15,33975.0,
2026-05-22,12.35,12.24,12.35,12.03,23359.0,
2026-05-25,12.24,12.45,12.45,12.08,22755.0,
2026-05-26,12.46,12.39,12.46,12.24,20293.0,
2026-05-27,12.39,12.41,12.48,12.2,25985.0,
2026-05-28,12.39,12.45,12.64,12.26,31424.0,
2026-05-29,12.42,13.0,13.18,12.38,69488.0,
2026-06-01,12.92,12.97,13.02,12.61,52099.0,
2026-06-02,12.67,12.35,12.67,12.25,27937.0,
2026-06-03,12.36,12.3,12.39,12.03,21353.0,
2026-06-04,12.29,11.96,12.35,11.95,24615.0,
2026-06-05,12.03,12.17,12.33,12.03,15165.0,
2026-06-08,11.96,11.89,12.22,11.77,24101.0,
2026-06-09,11.85,11.82,11.98,11.75,12151.0,
2026-06-10,11.71,11.8,11.84,11.6,16527.0,
2026-06-11,11.89,11.64,11.89,11.56,15787.0,
2026-06-12,11.65,12.17,12.19,11.56,33603.0,
2026-06-15,12.25,12.23,12.39,12.12,32596.0,
2026-06-16,12.3,11.9,12.3,11.87,33674.0,
2026-06-17,11.9,11.76,11.9,11.63,17555.0,
2026-06-18,11.76,11.76,11.83,11.54,18270.0,
2026-06-22,11.6,11.85,11.87,11.33,30455.0,
2026-06-23,11.83,12.08,12.3,11.8,26721.0,
2026-06-24,12.09,11.84,12.17,11.76,20967.0,
2026-06-25,11.85,11.75,11.94,11.57,19111.0,
2026-06-26,11.75,11.34,11.77,11.25,29826.0,
2026-06-29,11.31,11.59,11.65,10.78,37397.0,
